Date	AAPL	AMZN	EXC	NDAQ	RGLD	Portfolio Val
2015-07-01	2500.0	2500.0	1000.0	3000.0	1000.0	10000.0
2015-07-02	2496.8404423380584	2501.829031299298	1010.0850929719662	3025.867378361742	1020.8026208026184	10055.424565773683
2015-07-06	2488.151658767617	2492.2837742060865	1006.6183422628561	3003.0794498049668	1038.9025389025248	10029.035763944052
2015-07-07	2482.0300157976317	2496.170465717095	1032.7765521588472	3008.006569492951	1009.5004095003997	10028.484012666926
2015-07-08	2420.4186413901894	2456.046091588742	1027.418846517517	2947.6493533155744	1011.7117117117064	9863.244644523731
2015-07-09	2371.0505529225115	2482.85283156908	1024.2672549637714	3031.410388010668	1014.7420147420046	9924.323042208038
2015-07-10	2434.4391785148214	2534.9802235990765	1032.1462338481188	3109.0125230958924	996.5601965601973	10107.138355618106
2015-07-13	2481.4375987361464	2603.9118406913735	1030.5704380712286	3121.3303223157573	1007.3710073709939	10244.621207185499
2015-07-14	2480.450236966661	2661.0690687944398	1032.7765521588472	3150.8930404434714	994.7583947583951	10319.947293121815
2015-07-15	2504.3443917851178	2636.034202885297	1035.2978254018303	3155.2042701704504	970.1883701883703	10301.069060431066
2015-07-16	2537.7172195891917	2717.7118818445783	1058.6196028994743	3194.6212276740043	965.9295659295587	10474.599497936808
2015-07-17	2559.636650868884	2760.751274606187	1055.4680113457284	3192.7735577910503	931.2039312039276	10499.833425815776
2015-07-20	2608.017377567076	2789.844303710647	1052.3164197920169	3187.23054814206	838.9844389844259	10476.393088196226
2015-07-21	2581.9510268561635	2789.2727314296167	1033.0917113142116	3153.972490248437	840.2948402948399	10398.58280014327
2015-07-22	2472.748815165705	2790.8159765883993	1033.0917113142116	3185.9987682201117	835.2170352170364	10317.872306505464
2015-07-23	2471.5639810425287	2756.007224673632	984.5572013867038	3173.680969000247	804.9140049140015	10190.723381017113
2015-07-24	2458.5308056871754	3026.017970232516	974.1569492593733	3195.853007596016	838.0016380016323	10492.560370776711
2015-07-27	2424.3680884675127	3037.3922586250255	965.3324929089327	3151.508930404478	821.9492219492138	10400.550992355164
2015-07-28	2436.4139020535863	3006.6416699055762	976.9933816577548	3118.8667624717973	827.8460278460257	10366.761743934741
2015-07-29	2428.7124802526305	3023.6173666521872	981.4056098329921	3140.422911106561	836.5274365274335	10410.685804371804
2015-07-30	2416.4691943126595	3067.9713756601664	997.4787267570172	3140.422911106561	815.5610155610134	10437.903223397418
2015-07-31	2395.339652448556	3064.484784745879	1011.3457295934579	3142.8864709505206	825.8804258804217	10439.937063618834
2015-08-03	2338.8625592416133	3058.0831751983355	1022.6914591869155	3140.422911106561	810.4832104832101	10370.543315216635
2015-08-04	2263.823064770818	3040.1929628020757	1000.6303183107631	3164.442619585349	813.2678132678059	10282.356778736812
2015-08-05	2278.8309636649356	3069.400306362743	1000.0	3231.574625333598	802.9484029483975	10382.754298309674
2015-08-06	2283.7677725117446	3026.2465991449285	1008.1941380397118	3250.667214124402	805.241605241605	10374.117329062392
2015-08-07	2291.5039788114464	2987.151055122431	1022.3763000315167	3259.9055635393643	821.9492219492138	10382.886119453971
2015-08-10	2374.8169697307726	2995.038752600654	1014.1821619918051	3298.090741120971	852.9074529074387	10535.03607835164
2015-08-11	2251.236033200432	3014.815153524315	1011.3457295934579	3283.309382057082	863.3906633906487	10424.096961765936
2015-08-12	2285.9497794168524	3005.955783168339	1040.025212732432	3266.680353110239	895.1678951678824	10493.779023595745
2015-08-13	2284.164501039871	3027.389743706989	1041.9340996325277	3303.0178608088913	868.1408681408653	10524.647073329144
2015-08-14	2300.2320064314645	3038.02098813416	1052.4329775830206	3341.818928351504	869.9426699426679	10602.447570442817
2015-08-17	2324.035718122759	3059.169162532294	1062.9318555335135	3336.2759187025777	904.8321048321006	10687.244759723246
2015-08-18	2310.9436766925264	3058.0260179702323	1068.9766640504838	3344.8983781564693	894.1850941850889	10677.029831054802
2015-08-19	2281.387401342574	3046.0230000685883	1087.4292374180081	3327.6534592486214	908.9271089270934	10651.420207004883
2015-08-20	2234.573435016443	2948.0555110999335	1075.339620384102	3267.912133032251	926.1261261261244	10452.006825658853
2015-08-21	2097.90045705587	2826.2534580123006	1049.8877950495596	3174.912748922195	900.2457002456858	10049.20015928561
2015-08-24	2045.532291335124	2648.4944786117653	1038.4344736490189	3057.27776637241	828.3374283374139	9618.076438305732
2015-08-25	2057.8308757089394	2665.6416470426852	967.1693627123474	3008.006569492951	801.6380016380004	9500.286456594924
2015-08-26	2175.857612844665	2862.262511717232	1000.256735647239	3060.3572161773754	775.5937755937771	9874.327851980288
2015-08-27	2239.929270146974	2962.859233178628	1009.1648745143187	3159.515499897364	786.5683865683754	10158.03726430566
2015-08-28	2247.2687479185497	2960.8015729669173	998.9841443805086	3171.2174091562224	801.6380016380004	10179.9098760602
2015-08-31	2236.7554419215508	2931.5370721781474	978.6226841128881	3152.7407103264254	788.206388206376	10087.862296745387
2015-09-01	2136.7798528182357	2838.085004229635	953.1708587783455	3080.6815848901915	776.7403767403724	9785.45767745678
2015-09-02	2228.424142829659	2918.16228080203	953.1708587783455	3127.48922192569	780.9991809991669	10008.245685334892
2015-09-03	2189.346382803024	2884.839616817943	962.7152932787902	3150.2771504824664	757.903357903358	9945.081801285582
2015-09-04	2167.5263137527736	2852.145682342989	945.5353111779963	3097.9265037980404	751.0237510237524	9814.157562095552
2015-09-08	2227.8290500372636	2958.1151832460732	963.6697367288383	3200.1642373229306	738.2473382473349	10088.025545582439
2015-09-09	2184.982368993015	2954.399963419374	947.7623458947405	3153.356600287432	730.8763308763241	9971.377609470886
2015-09-10	2232.986520903731	2984.9790804545146	946.4897546280099	3176.875255991242	725.3071253071156	10066.637737284613
2015-09-11	2265.5182602150444	3026.1322846887224	944.8990155446312	3202.869559663891	724.6519246519255	10164.071044764214
2015-09-14	2287.3383292655008	2980.063558837651	959.5338151119639	3179.3509039600804	731.2039312039276	10137.490538379123
2015-09-15	2306.5796628825174	2985.7221244198545	970.0326930624568	3201.6317356795034	731.8591318591176	10195.82534790345
2015-09-16	2309.1583983157516	3014.415052927593	988.167118613333	3208.439767593762	776.9041769041742	10297.084514354614
2015-09-17	2259.7656965563865	3080.0315507899127	1004.3926572640792	3153.356600287432	789.1891891891865	10286.735694086998
2015-09-18	2250.442576143973	3087.976405496239	983.3949013630933	3123.6488246615563	783.1285831285728	10228.591290793434
2015-09-21	2285.3546866244565	3134.445231944032	970.9871365125045	3166.9726641159496	772.4815724815609	10330.241291678505
2015-09-22	2249.450754823451	3077.345161069069	905.4486862760865	3158.9268082173035	754.4635544635553	10145.634964849465
2015-09-23	2267.7002671201517	3064.0275269210547	923.2649640102459	3217.1045354846024	766.2571662571623	10238.354459793218
2015-09-24	2281.189037078511	3050.767050001143	924.8557030936589	3214.6288875157634	805.0778050778033	10276.518482766878
2015-09-25	2275.436473419853	2996.4676833032304	938.5360592109784	3309.9413343154547	781.4905814905721	10301.872131740089
2015-09-28	2230.4077854704974	2881.0672397631406	928.9916247105333	3219.5801834534414	752.4979524979512	10012.544785895565
2015-09-29	2163.360664206828	2835.3986145087906	927.4008856271201	3206.583031617117	759.8689598689621	9892.612155828818
2015-09-30	2181.0150837111323	2924.5638903495737	944.8990155446312	3300.6576544323566	773.1367731367677	10124.272417174461
2015-10-01	2173.6756059397635	2976.2911817828485	928.9916247105333	3256.7149029857696	760.1359632010934	10095.809278620009
2015-10-02	2189.5447470672934	3043.8510254006724	948.7167893447885	3257.3338149779634	799.1383930081169	10238.584769798836
2015-10-05	2197.4793176310586	3107.5241775074874	963.9878845455208	3320.4628381829402	814.7722783738054	10404.226496240812
2015-10-06	2207.992623627851	3072.086696083587	961.1245541953771	3303.7522143933893	823.1652063069679	10368.121294607174
2015-10-07	2197.4793176310586	3097.5788198175546	958.5793716619161	3296.3252704869365	826.6211178088435	10376.58389740631
2015-10-08	2172.0886918270517	3047.3947735430625	982.4404579130454	3328.5086940815872	815.9242488744418	10346.356866239188
2015-10-09	2224.060129019444	3085.3471730034976	980.5315710129497	3285.8037666194514	830.2415965251148	10405.984236180457
2015-10-12	2213.7451872867146	3144.733533002584	987.2126751632851	3350.1706138088157	806.7084848694009	10502.570494130801
2015-10-13	2217.514108304534	3137.360250577288	973.2141712292831	3317.987190214101	811.81006851505	10457.885788840254
2015-10-14	2186.1725545776007	3114.0972587393408	966.8512148956647	3321.700662167327	866.117249259004	10454.938939638938
2015-10-15	2218.9026581531825	3214.7511374288397	984.9856404465065	3398.445749200823	868.7503246890179	10685.835509918368
2015-10-16	2202.63678849732	3262.30595121059	969.078249612409	3402.1592211541133	847.6857212489391	10683.865931723372
2015-10-19	2216.3239227199488	3275.966528727223	960.1701107453292	3431.248084787731	821.5195341632111	10705.228181143444
2015-10-20	2256.7902325950263	3205.834609844761	972.8960234126005	3455.385652483734	828.4313571669792	10719.3378755031
2015-10-21	2256.591868330963	3176.6272662840943	969.078249612409	3420.107668928051	807.0376192981421	10629.44267245366
2015-10-22	2291.10725028332	3223.15324995999	986.5763795299198	3657.7698739349894	842.4195703889109	11001.02632409713
2015-10-23	2362.1216568288723	3423.8894350579576	949.989380611519	3634.25121823118	850.3187966789363	11220.570487408464
2015-10-26	2286.743236473105	3478.6460595806943	928.0371812604855	3614.446034480596	831.0644325969932	11138.936944391875
2015-10-27	2272.26264519443	3492.3637943254303	908.3120166262303	3648.4861940518913	833.0392391695079	11154.463889367491
2015-10-28	2365.8905778466915	3527.172546240198	908.6301644429129	3668.9102897946686	820.5321308769536	11291.135709201426
2015-10-29	2390.8844751223655	3581.1861267975946	909.5846078929608	3665.196817841442	793.8722421481056	11340.72426980247
2015-10-30	2370.4529559207635	3577.4709069708956	888.2687041752924	3582.8815228781395	787.2895535730788	11206.363643518169
2015-11-02	2403.7781522885352	3591.4744278561466	902.5853559259428	3693.0478574907365	794.2013765768469	11385.087170138208
2015-11-03	2431.350784997443	3574.098630512814	907.0394253594997	3670.1481137791206	783.8336420711864	11366.470596720063
2015-11-04	2420.0440219441916	3663.4925352660102	925.8101465437069	3599.5921466676905	772.8076387080098	11381.746489129608
2015-11-05	2408.935623155003	3747.5136605775165	914.356825143166	3628.0620983091144	662.5476050763283	11361.415812261128
2015-11-06	2411.7246653915545	3768.7761494318574	893.677217058863	3604.5434426053043	584.3781782479025	11263.09965273548
2015-11-09	2401.963017563625	3746.599144927868	916.5838598599446	3569.8843710418155	629.9632966299528	11264.993690023206
2015-11-10	2326.2604425719	3770.548023503052	924.2194074602937	3624.9675383480817	622.5577719830475	11268.553183866374
2015-11-11	2313.1121005996456	3848.110382038913	928.3999406186252	3620.0162424104683	622.0640703399274	11331.702736007579
2015-11-12	2305.3426257979713	3804.3851025400677	918.4309769334285	3571.741107018396	594.910479967942	11194.810292257805
2015-11-13	2238.0071775159004	3671.494547200439	911.3562285116473	3502.4229638913544	603.4679751154836	10926.748892234826
2015-11-16	2274.5635525447483	3702.702393744713	921.3251921968783	3542.652243384779	601.9868701861059	11043.230252057223
2015-11-17	2264.901513368183	3676.9244838702302	890.4535627200922	3562.457427135298	576.8080863866185	10971.545073480422
2015-11-18	2336.6197423076032	3792.610713550836	904.2814800899001	3632.3944822545345	598.0372570410764	11263.94367524395
2015-11-19	2366.303120396437	3779.63602277144	905.567797984782	3673.861585732347	604.7845128304821	11330.153039715487
2015-11-20	2376.6624201321406	3820.6749125494416	900.4225264053234	3711.615217256869	586.6821192491585	11396.057195592934
2015-11-23	2345.7837382277594	3880.9186309700726	889.8104037726856	3665.8157298336364	587.6695225354159	11369.99802533957
2015-11-24	2368.2952934226923	3836.107364137269	893.3477779835421	3620.0162424104683	593.1002406098063	11310.86691856378
2015-11-25	2351.361822700862	3860.0562427124537	890.7751421938128	3617.540594441629	593.5939422529434	11313.327744301701
2015-11-27	2346.979042043306	3848.1675392670154	888.2025064040835	3643.534898114278	588.4923586072944	11315.376344435977
2015-11-30	2356.740689871236	3799.812524291822	878.2335427188867	3628.0620983091144	591.6191356804287	11254.467990871486
2015-12-01	2337.615828820628	3881.3187315667933	895.598834299551	3634.25121823118	606.2656177598597	11355.05023067801
2015-12-02	2316.498794744177	3863.885776995359	879.1982811400482	3621.254066394855	599.682929184833	11280.519848459273
2015-12-03	2294.983326062268	3808.1003223667662	872.7666916657078	3526.5605315874222	605.1136472592402	11107.524518941405
2015-12-04	2371.2835529617664	3844.6237911246258	858.9387742959342	3647.867282059698	636.7105524193587	11359.423952861383
2015-12-07	2356.3422552659854	3828.5626100276645	860.5466716645021	3607.0190905741433	630.2924310587109	11282.763058591006
2015-12-08	2355.3461687529602	3871.430531104964	853.4719232427551	3584.738258854721	616.633352265537	11281.620234220938
2015-12-09	2303.350452771922	3799.7553670637185	854.4366616638821	3494.377107992708	606.759319402997	11058.678908895228
2015-12-10	2314.3074044153987	3785.637531722262	851.5424464004667	3478.904308187544	605.1136472592402	11035.505337984912
2015-12-11	2254.741430935209	3658.9199570177643	834.1771548197682	3410.5198418007258	621.7349359111693	10780.093320484637
2015-12-14	2240.796219752452	3760.4311941288092	818.7413400813924	3486.3644317934136	577.6309224584968	10883.964108214563
2015-12-15	2201.151976533166	3764.603671780333	824.8513500820123	3529.2601425269404	582.5679388897668	10902.435079812218
2015-12-16	2218.0854472549963	3862.5140035208856	850.2561285055848	3536.72026613281	603.4679751154836	11071.043820529761
2015-12-17	2171.070163839081	3833.2495027321156	855.4014000850435	3486.3644317934136	585.36558153416	10931.451079983815
2015-12-18	2112.3010595693927	3796.04014723702	865.0487842965198	3477.0392772861087	594.910479967942	10845.339748356984
2015-12-21	2138.199308908445	3798.154964676833	882.0924964034978	3510.6098335123943	589.3151946791726	10918.371798180342
2015-12-22	2136.2071358823955	3790.381581654816	884.9867116669476	3606.3480864539397	599.1892275417129	11017.11274319981
2015-12-23	2163.699123642658	3793.5252292004852	893.6693574572625	3604.4830555524404	613.0128735492656	11068.38963940211
2015-12-24	2152.1445200912017	3788.323921443106	892.3830395624151	3605.1047325196278	625.5199818418199	11063.476195458172
2015-12-28	2128.03922647547	3859.256041519011	892.7046190361356	3674.7325528407578	606.5947521886179	11161.327192059991
2015-12-29	2166.2889485764804	3966.5401586684657	898.814629036721	3691.5178309538683	611.3672014055088	11334.528768641045
2015-12-30	2138.0000916059225	3938.5331168979633	890.4535627200922	3669.1374601363873	591.2900012516875	11227.414232612053
2015-12-31	2096.9613272683605	3863.199890258122	893.0261985098216	3616.2949179283682	600.1766308279703	11069.658964792641
2016-01-04	2098.7542829918875	3640.8582729371956	899.457787984162	3514.961572282453	611.8609030486462	10765.892819244344
2016-01-05	2046.1609151029104	3622.5679599442146	905.567797984782	3568.4257914575956	600.5057652567114	10743.228229746215
2016-01-06	2006.1182372783942	3616.0520359404654	906.532536405909	3557.8572830159787	613.0128735492656	10699.572966190013
2016-01-07	1921.4508836693244	3474.8165252977897	895.2772548258647	3549.775482442986	641.4942928497678	10482.814439085732
2016-01-08	1931.610966102402	3469.729531996616	894.634095878424	3469.579153680304	622.4514834337359	10388.005231091482
2016-01-11	1962.8880826121165	3530.830608838794	902.3520032476118	3560.965667851726	553.7317798889162	10510.768142439163
2016-01-12	1991.3761568852797	3531.6879672603395	898.4930495630007	3579.615976866336	513.6590852916901	10514.832235866646
2016-01-13	1940.1773101146198	3325.464688264478	885.6298706143542	3464.6057379430567	509.3537544671998	10125.231361403708
2016-01-14	1982.610595570457	3389.423626511809	897.5283111418736	3574.020884161966	483.5217695202248	10327.10518690633
2016-01-15	1934.997660246768	3258.9908319806123	883.0572348246249	3511.8531874467058	469.94341845835544	10058.842332957067
2016-01-19	1925.6344470241306	3283.5684400649307	888.8456653515245	3572.7775302276536	448.41676433587054	10119.242847004109
2016-01-20	1928.2242719580563	3268.078831249	861.189830611943	3500.0413250707775	419.43857609407775	9976.972834983855
2016-01-21	1918.462624130189	3286.654930382496	881.7709169297774	3467.7141227788034	427.05569986049386	9981.658294081759
2016-01-22	2020.4618830662782	3408.7427696106447	901.3872648264504	3588.9411313736414	437.81902692172775	10357.352075798743
2016-01-25	1981.0168571495765	3409.6001280321907	873.4098506131487	3518.6916340853872	451.72855727779654	10234.4470271581
2016-01-26	1991.9738087931153	3436.578339696838	895.2772548258647	3638.675288745849	477.89172151895406	10440.39641358062
2016-01-27	1861.088040978632	3334.2669013923505	902.0304237738914	3624.3767185013617	498.42483775885773	10220.186922405093
2016-01-28	1874.435600253471	3631.484487528293	923.2546690391667	3661.0556595633943	476.2358250479911	10566.466241432317
2016-01-29	1939.1812236015746	3355.129289649969	950.910503778748	3854.3971963479207	493.29155869887757	10592.909772077091
2016-02-01	1921.0524490641146	3285.4546285923316	964.7384211485559	3838.2335952019334	511.34083023234524	10520.819924239282
2016-02-02	1882.2050750552278	3155.6505635702692	969.2405337805736	3874.2908592968415	493.62273799307695	10375.00976969599
2016-02-03	1919.4587106432343	3035.448912869522	1016.5127164168622	3829.5301176618163	527.4030260006506	10328.353483592085
2016-02-04	1934.798442944163	3065.113514255013	1037.0938027346965	3720.736648410031	595.129191662906	10352.871600006809
2016-02-05	1883.1237019214227	2870.035894739249	1057.9964685262516	3692.7611848881797	649.4425959103834	10153.359845985487
2016-02-08	1902.9523816162	2789.844303710647	1040.631176945553	3743.117019227576	678.2551945050851	10154.800076005062
2016-02-09	1902.551802228434	2755.3784951644984	1027.1248390494998	3822.6916710231344	631.0621450827332	10138.8089525483
2016-02-10	1888.1309442685904	2803.4477239991775	1010.7242858899629	3784.7693760267907	645.9652133213662	10133.037543505887
2016-02-11	1876.7144317170637	2879.695466288667	984.4168735644203	3728.1967720159005	669.810122503179	10138.833666089231
2016-02-12	1882.5228328397634	2898.328722650266	989.2886165876815	3811.5014856143944	691.1711869785557	10272.812844670661
2016-02-16	1935.5996017197158	2978.4631564507654	1007.4764572077999	3833.2601794647508	659.3779747361443	10414.177369579176
2016-02-17	1965.2424764149146	3052.767552984751	1009.7499372853106	3914.0781851946217	687.6938043895555	10629.531956269153
2016-02-18	1927.9885933520177	3000.7544754109604	1021.4421205411036	3909.104769457375	733.7277262822349	10593.017685043693
2016-02-19	1923.5822200865093	3057.3401312329956	1014.621680308572	3912.213154293122	717.8311201610206	10625.58830608222
2016-02-22	1940.40655437299	3197.9469123665376	1029.2369093782872	3950.7571262565893	735.3836227531808	10853.731125127586
2016-02-23	1896.5431114118412	3160.451770730927	1012.9977659674732	3925.268370603362	733.3965469880353	10728.657565701638
2016-02-24	1924.783958249828	3166.739065822264	1031.1856065875918	3957.5955728952717	742.172798284124	10822.47700183908
2016-02-25	1938.003078046353	3173.0835181417046	1038.6556125565696	4010.438115103291	736.7083399299613	10896.888663777878
2016-02-26	1941.0074234546496	3173.540775966529	1030.5360408511797	3969.4074352712	742.172798284124	10856.664473827683
2016-02-29	1936.6010501891412	3158.051167150598	1022.7412520139617	3934.5935251106666	767.8391935839909	10819.826188048359
2016-03-01	2013.5122926415925	3309.6321360799284	1031.835172324038	3995.5178678916154	744.9878222847593	11095.485291221934
2016-03-02	2017.9186659070801	3316.319531767988	1049.6982300759505	4009.194761168979	776.1186759387889	11169.249864858786
2016-03-03	2032.9403929485832	3300.772765723954	1074.3817280603946	4053.3338258368167	819.3375738308329	11280.766286400582
2016-03-04	2063.184136725483	3287.3408171197334	1083.475648370471	4037.170224690894	803.1097884154364	11274.280615322017
2016-03-07	2040.3511116223879	3216.8087976405495	1101.663488990589	3993.6528369901803	831.5912077159386	11184.067442959646
2016-03-08	2023.5267773359074	3202.290861702371	1111.7317579053179	4032.8184859207718	795.1614853548377	11165.529368219206
2016-03-09	2025.329384580885	3197.775440682229	1109.7830606960133	4063.902334278433	795.9894335903108	11192.77965382787
2016-03-10	2026.3308330503312	3194.688950364663	1127.9709013161316	4054.577179771128	825.9611597146849	11229.52902421694
2016-03-11	2048.1624096839587	3255.7328699787377	1127.9709013161316	4117.608162556595	822.4837771256676	11371.958120661091
2016-03-14	2053.369941724999	3277.223987745491	1125.3726383704154	4170.654039158156	780.0928274690966	11406.713434468156
2016-03-15	2094.629618665577	3298.0863760031093	1120.5008953471538	4183.759491024419	788.0411305296952	11485.017511569953
2016-03-16	2122.46988611588	3282.368138274766	1129.5948156572304	4156.924518155383	837.2212557172093	11528.578613920468
2016-03-17	2119.0649613198175	3197.6039689979198	1133.8169929440455	4109.49526378222	844.0104312481355	11403.991618292139
2016-03-18	2121.4684376464133	3155.536249114063	1131.5435128665347	4025.869999492627	855.9328858390419	11290.35108495868
2016-03-21	2121.268147952479	3166.3961224536456	1132.842644339393	4010.892340216897	865.5370853706205	11296.936340333035
2016-03-22	2137.4916131574655	3203.5483207206385	1136.7400387580021	4082.6602909131843	855.6017065448596	11416.041970094151
2016-03-23	2125.6745212180076	3255.8471844349433	1127.6461184479258	4096.389811915958	814.3698844179609	11419.927520434796
2016-03-24	2116.4611952992873	3331.9806122682276	1146.8083076726964	3995.290611804659	831.094438774648	11421.635165819518
2016-03-28	2106.847289992697	3314.3761860124832	1141.9365646494696	4036.4791748129774	819.6687531250323	11419.307968592659
2016-03-29	2156.719423770439	3394.3391481286726	1159.1500566649356	4092.0213279605146	861.5629338403128	11663.792890364874
2016-03-30	2194.3738862210607	3421.9460893024534	1150.7057020913055	4067.058562500945	864.5435474880393	11698.627787603804
2016-03-31	2182.9573736696784	3393.081689110405	1164.6713654246091	4142.570928016164	853.0673057072169	11736.348661928074
2016-04-01	2202.986343058184	3420.8601019684947	1158.1757080602836	4124.472923057949	857.7243313574041	11764.219407502314
2016-04-04	2225.6190784674263	3390.5096138457675	1153.303965037022	4090.773189687559	831.1127562134986	11691.318603251273
2016-04-05	2199.3811285683933	3350.2137680331057	1123.7487240293167	4055.2012489076383	857.5580090127582	11586.102878551212
2016-04-06	2222.414443365298	3441.3223896293925	1114.3300208510343	4053.3290414981725	835.7697818636858	11667.165677207584
2016-04-07	2173.944337444686	3380.449941699627	1115.629152323927	4010.268271080388	858.3896207360048	11538.681323284633
2016-04-08	2176.347813771282	3398.5687830082993	1126.9965527114796	3972.2000537545555	877.3503680260458	11551.463571271663
2016-04-11	2183.5582427512754	3406.1706943460067	1121.8000268200124	4011.5164093534077	925.4175256297491	11648.462898900452
2016-04-12	2211.9993792831765	3447.5525274926267	1139.3383017037188	3940.9965969300774	930.240873624582	11670.12767903418
2016-04-13	2244.0457303050744	3514.140698232699	1128.9452499207841	3990.9221278492164	917.6003754312214	11795.654181738995
2016-04-14	2245.2474684682693	3548.0349344978167	1134.7913415486976	3973.448192027511	885.9991299478198	11787.521066490115
2016-04-15	2200.1822873439255	3577.413749742793	1116.2787180603389	4021.5015155371843	903.9619431699684	11819.33821385421
2016-04-18	2152.7136298927794	3631.484487528293	1118.2274152696434	4002.7794414425225	914.6065732275442	11819.811547360781
2016-04-19	2141.2971173411906	3588.9023525915086	1130.2443813936422	4004.651648851989	956.3534817345501	11821.44898191288
2016-04-20	2145.7034906067197	3617.995381695969	1098.7404431766668	4002.155372306077	944.8772399537447	11809.471927739178
2016-04-21	2122.46988611588	3606.6210933034595	1083.475648370471	3982.1851599383963	957.8503828363971	11752.602170564605
2016-04-22	2116.661484993221	3546.60600379524	1107.1847977502969	3993.418404395193	935.3968663087242	11699.267557242674
2016-04-25	2104.644103360036	3579.185623813988	1109.7830606960133	4004.651648851989	932.0704194157381	11730.334856137766
2016-04-26	2090.0229557063194	3525.91508722193	1124.398289765763	4019.6293081277186	954.6902582880571	11714.655899109788
2016-04-27	1959.2337855983217	3466.9859850476696	1148.1074391455547	4002.155372306077	968.495012893973	11544.977594991595
2016-04-28	1899.3471671262444	3440.865131804568	1141.9365646494696	3922.8985919719266	1001.5931594792219	11406.64061503143
2016-04-29	1877.5155904926164	3770.033608450125	1139.6630845719246	3851.13064127564	1041.5105221950887	11679.853446985395
2016-05-02	1875.5126935537453	3908.697043828163	1139.6630845719246	3932.259629019257	1024.2129983515408	11880.34544932463
2016-05-03	1906.357306412283	3837.0790370150216	1129.5948156572304	3886.078512919051	1004.0879946489614	11763.197666652548
2016-05-04	1886.5286267175059	3834.678433434692	1145.1843933316322	3905.424656150221	976.6448077817922	11748.460917415843
2016-05-05	1878.9176183498078	3767.175747044972	1149.0817877502072	3944.116942612564	990.6158847323542	11729.907980489905
2016-05-06	1868.438884313548	3852.1113880061275	1158.8252737967296	3995.914680941169	994.7739433485868	11870.064170406162
2016-05-09	1869.8494831261253	3885.2625803059054	1144.8596104633918	4025.2459303561805	933.7336428622311	11858.951247113833
2016-05-10	1882.5448724393013	4018.5532362422555	1143.2356961223277	4030.862552584579	959.6799286275532	12034.876286016017
2016-05-11	1864.2070878758157	4076.6249799949705	1158.110751486635	3970.3278463450893	974.4826173013445	12043.753283003854
2016-05-12	1820.478524685999	4103.488877203411	1162.0432158380524	4005.2757179884998	957.5177381471053	12048.804073863068
2016-05-13	1824.105778775472	4057.7059374928554	1145.002536981969	3974.0722611640217	960.1788956614909	11961.06541007581
2016-05-16	1891.814521779063	4061.935572372482	1137.793019004428	3977.1926068464436	977.8090641943477	12046.544784196763
2016-05-17	1883.955471251858	3973.9705983218637	1125.3402152249864	3902.3043104677345	955.6881923559665	11841.25878762241
2016-05-18	1905.5174816726571	3986.4308740483325	1109.2826524567743	3934.7559055651686	900.9681409662741	11836.955054709206
2016-05-19	1898.2629734936909	3992.54669745536	1120.09692942312	3934.131836428723	918.431987154468	11863.470423955363
2016-05-20	1918.817413334072	4017.0099910834724	1123.0462776866655	3970.3278463450893	922.2574010814088	11951.458929530709
2016-05-23	1943.2006213800053	3982.4298680811175	1105.3501881053917	3967.207500662667	928.9102948673979	11927.09847309658
2016-05-24	1972.8231964440893	4025.012003017902	1113.870527533416	4095.141673642937	898.6396281411804	12105.487028779524
2016-05-25	2007.4836244102237	4048.7322526806743	1110.2657685446459	4087.6528440050724	932.4030641050299	12186.537553745646
2016-05-26	2023.4032395807133	4086.2273943162854	1119.7692240605072	4057.6975254536146	928.9102948673979	12216.007678278518
2016-05-27	2022.1941548842158	4070.9664144127664	1125.0125098623741	4098.262019325422	915.1055402614819	12231.54063874626
2016-05-31	2012.3199631961947	4131.267290061501	1123.0462776866655	4119.480369966061	933.5673205175852	12319.681221428007
2016-06-01	1984.1079869446878	4112.119618646974	1127.6341527633074	4093.893535369981	935.8958333426621	12253.651127067611
2016-06-02	1969.1959423546164	4162.417979377672	1137.793019004428	4065.810424227989	936.2284780319708	12271.445842996678
2016-06-03	1973.2262246762484	4146.985527789844	1145.657947707228	4060.8178711360365	1023.7140313176029	12350.40160262696
2016-06-06	1987.5337269180811	4153.78723793411	1147.6241798829021	4064.562285954969	1041.8431668843975	12395.35059757446
2016-06-07	1995.594291561366	4136.697226731292	1137.793019004428	4049.5846266792405	1044.1716797094912	12363.840843685817
2016-06-08	1993.7806645166295	4153.272822881182	1148.6072959707737	4090.1491205510483	1086.7501999397607	12472.560103859394
2016-06-09	2008.0881667584624	4159.045702919591	1151.5566442343193	4117.742889533578	1106.376236608402	12542.809640054355
2016-06-10	1991.5640092397339	4103.374562747205	1133.860554653011	4112.725840627663	1090.4092915220383	12431.934258789652
2016-06-13	1961.5384059434907	4088.1135828436863	1127.3064474006949	4083.2506783054328	1096.0642512401353	12356.273365733441
2016-06-14	1963.956575336466	4111.319417453531	1109.2826524567743	4069.4537938141357	1081.9268519449272	12335.939291005834
2016-06-15	1957.508123621838	4082.512174489586	1120.4246347857322	4063.809613794966	1127.9981414128288	12352.25268810495
2016-06-16	1965.7702023812228	4101.088273623082	1121.080045510991	4069.4537938141357	1094.401027793625	12351.793343123056
2016-06-17	1921.034068610988	4037.5294359724735	1135.4990814661073	4006.113551376886	1105.8772695744474	12206.053407000902
2016-06-20	1916.3992439410968	4081.0832437870095	1128.6172688511444	3956.570193430933	1122.8421487287035	12205.512098738887
2016-06-21	1932.7218873437457	4091.4287020736647	1139.1038404548776	3949.044620072062	1106.542558953048	12218.841608897397
2016-06-22	1925.4673791647792	4061.5926290038637	1128.2895634885322	3956.570193430933	1106.0435919190934	12177.9633570072
2016-06-23	1936.5506555492982	4127.209126866183	1145.3302423445814	4039.351500378585	1111.864873981836	12360.306399120485
2016-06-24	1882.1418442071217	3995.0616154918957	1126.9787420380824	3950.9260134117635	1150.4516579405183	12105.559873089383
2016-06-27	1854.7359244199536	3951.622122133565	1133.5328492903986	3852.4664286331135	1150.1190132512095	11942.47633772824
2016-06-28	1885.9706124126947	4046.4459635565518	1143.0363048062948	3925.840768882192	1145.7946322903315	12147.088281948065
2016-06-29	1902.2932558153436	4090.171243055397	1150.9012335090601	4019.2833047549275	1178.726456530917	12341.375493665644
2016-06-30	1926.4749497451974	4090.285557511603	1191.536698473509	4055.656909322839	1201.753672131336	12465.707787184483
2016-07-01	1932.3188591115868	4147.785728983287	1193.1752252866054	4061.928220455264	1242.6353230161121	12577.843356852856
2016-07-05	1914.1825886641805	4161.61777818423	1186.621118034289	4050.639860416925	1248.141831094462	12561.203176394087
2016-07-06	1925.06435093262	4215.974302110245	1200.3847432641803	4060.0468271154978	1305.7098700954743	12707.180093518018
2016-07-07	1933.3264296919842	4210.029950387527	1169.908144540818	4071.335187153837	1324.2317609044946	12708.831472678661
2016-07-08	1948.2384742820764	4262.843229154759	1183.3440644080968	4131.5397740248745	1368.9512810560243	12894.91682292583
2016-07-11	1954.2838977645245	4308.397539952903	1192.8475199239929	4166.031985253084	1388.6412190331819	13010.202161927684
2016-07-12	1963.1505188721476	4276.560963899495	1193.83063601183	4221.2195232182075	1340.9181490207309	12995.67979102241
2016-07-13	1952.067242487629	4244.6672306179835	1204.3172076155631	4212.439687632825	1363.6116368588266	12977.103005212826
2016-07-14	1990.757952775395	4236.493746999246	1192.5198145613806	4224.982309897611	1361.442406403704	13006.196230637335
2016-07-15	1990.5564386593155	4203.57118361188	1195.7968681875384	4233.762145482992	1343.921698881669	12967.608334823395
2016-07-18	2011.715420847935	4207.172088982374	1201.6955647146297	4239.406325502163	1359.6069037109207	13019.596303758022
2016-07-19	2012.521477312274	4229.349093486363	1198.7462164510841	4268.881487824458	1342.920515594684	13052.418790668864
2016-07-20	2014.3351043570103	4262.328814101832	1187.9319394847387	4248.18616108748	1288.5228903357624	13001.304909366823
2016-07-21	2003.6548562046507	4254.955531676535	1194.813752099667	4224.982309897611	1316.2222946087156	12994.62874448718
2016-07-22	1988.1382692663406	4257.413292484968	1225.9457615482538	4251.3218166536935	1323.564305379849	13046.383445333104
2016-07-25	1961.5384059434907	4227.405747730858	1228.8951098117996	4292.085339014328	1294.529990057605	13004.45459255808
2016-07-26	1948.036960165997	4204.428542033426	1215.459189944521	4295.848125693731	1339.58323797144	13003.356055809114
2016-07-27	2074.5878250655555	4210.601522668557	1199.0739218136966	4442.596806191888	1370.6199198676375	13297.479995607335
2016-07-28	2102.598287201003	4301.7101442648445	1207.9219666043334	4444.47819953159	1370.6199198676375	13427.328517469408
2016-07-29	2099.978603691907	4337.1476256887445	1221.6855918342246	4437.579757285974	1410.667251346598	13507.058829847449
2016-08-01	2137.0572010510373	4388.189030384782	1227.5842883613159	4478.970410759799	1433.6944669470167	13665.495397503953
2016-08-02	2105.4194848261996	4347.2644550629875	1205.3003237034002	4465.173526268567	1422.3477230279775	13545.50551288913
2016-08-03	2131.8178340328454	4313.313061569766	1198.4185110884719	4485.86885300548	1425.6850006512211	13555.103260347783
2016-08-04	2144.916251578325	4348.350442396945	1190.5535823856717	4479.597541873055	1419.1773092858862	13582.595127519882
2016-08-05	2177.5347002893204	4378.129358238643	1184.3271804959684	4463.919264042057	1392.3122244187482	13596.222727484737
2016-08-08	2195.5660166574526	4381.444477468621	1183.3440644080968	4421.27434834172	1407.6637014856772	13589.292608361566
2016-08-09	2204.480375311527	4391.446992386657	1174.8237249800723	4404.341808284275	1417.6755343554257	13592.768435317957
2016-08-10	2188.069851425729	4392.875923089234	1164.337153376339	4409.985988303445	1435.3631057586306	13590.632021953377
2016-08-11	2186.6516580035836	4408.194060220856	1151.1633977991569	4391.79918601949	1411.1678429900905	13548.976145033177
2016-08-12	2191.7166345115998	4415.73881433046	1155.4624854669212	4399.324759378361	1389.308674557827	13551.55136824517
2016-08-15	2218.054512352828	4392.475822492513	1145.2108148746265	4395.5619726988925	1391.811632775256	13543.114755194116
2016-08-16	2216.0285217494984	4367.040855986648	1131.9828528200499	4344.764352526494	1389.8092662013025	13449.625849283993
2016-08-17	2212.786936784418	4370.413132444729	1143.5573196177916	4403.087546057764	1387.139444102721	13516.984379007421
2016-08-18	2209.9505499401266	4369.441459566977	1147.8564072855213	4409.985988303445	1407.6637014856772	13544.898106581748
2016-08-19	2215.623323628915	4328.5740414732845	1136.6126395391327	4417.511561662317	1389.141810676657	13487.463376980308
2016-08-22	2198.4024035019497	4340.9771599716505	1138.596833847321	4420.020086115273	1386.8057163403812	13484.802199776575
2016-08-23	2205.2907715526944	4357.952856718261	1143.8880186691447	4425.037135021187	1380.4648888562162	13512.633670817504
2016-08-24	2188.6776486067074	4328.231098104667	1147.8564072855213	4407.477463850488	1264.160763686053	13336.403381533437
2016-08-25	2179.3580918322555	4339.491072040971	1141.2424262582501	4428.799921700592	1263.6601720425606	13352.55168387463
2016-08-26	2166.5943510321213	4395.390841125769	1121.0697841250144	4420.6472172285285	1266.4968580223288	13370.199051533762
2016-08-29	2164.163162308414	4408.479846361371	1126.030269895485	4458.902215136142	1284.1844294255336	13441.759923126945
2016-08-30	2147.5500393624275	4387.274514735134	1118.0934926627324	4473.953361853885	1228.451893117304	13355.323301731485
2016-08-31	2149.5760299655512	4396.305356775418	1124.3767746386502	4465.800657381758	1223.4459766824298	13359.504795443807
2016-09-01	2162.3397707654785	4404.6503120784655	1118.0934926627324	4492.767295251096	1264.4944914483758	13442.345362206146
2016-09-02	2182.59967679713	4415.052927593224	1126.6916679982257	4494.648688590799	1300.5370897794473	13519.530050758827
2016-09-06	2181.9918796163574	4508.962253366561	1139.2582319500618	4483.987459665715	1376.460155708327	13690.65998030702
2016-09-07	2195.363417597264	4483.870230229315	1142.8959215150508	4446.359592871357	1371.2873753922827	13639.77653760527
2016-09-08	2137.825284467185	4481.4696266489855	1152.155494953251	4403.087546057764	1339.0826463279477	13513.620598455134
2016-09-09	2089.4041090513706	4344.749537026452	1104.5348315568021	4325.950419129282	1269.1666801209276	13133.805576884835
2016-09-12	2136.204491984645	4409.622990923433	1112.1409097381675	4357.30697479128	1314.3867919159154	13329.662159353438
2016-09-13	2187.056856124167	4349.722215871419	1092.9603647590602	4330.967468035196	1267.331177428144	13228.038082217989
2016-09-14	2264.449697165313	4350.179473696244	1095.2752581186016	4327.831812468985	1265.8294024976835	13303.565643946828
2016-09-15	2341.437340085876	4399.334689864881	1112.8023078409085	4380.126184347739	1270.3347272890653	13504.035249428469
2016-09-16	2328.268401165364	4449.804522279887	1118.754890765473	4376.975920981541	1260.8234860628093	13534.627221255074
2016-09-19	2301.1201270827623	4430.256750268639	1129.667959460474	4397.767659198382	1285.0187488313488	13543.831244841607
2016-09-20	2300.9175280225736	4459.521251057409	1121.4004831763677	4386.42671108007	1296.1986288692185	13564.464602205639
2016-09-21	2300.5123299017837	4513.934932211528	1152.4861940046387	4452.582241770029	1421.5134036221618	13841.029101510141
2016-09-22	2322.1904293557864	4599.442145453714	1164.7220589051212	4438.091030285585	1403.1583766942952	13927.604040694501
2016-09-23	2283.4940088352137	4605.443654404537	1150.8326987478035	4376.345868308301	1358.6057204239523	13774.721950719806
2016-09-26	2286.9381928606895	4567.777041084616	1151.4940968505446	4337.282602567578	1336.0790964670264	13679.571029830455
2016-09-27	2291.1927731273317	4664.658542719313	1130.329357563215	4319.011075043631	1303.206911878046	13708.398660331535
2016-09-28	2308.6162923144857	4736.733807357278	1124.707473690038	4297.58928415355	1332.9086827249523	13800.555540240304
2016-09-29	2272.7562586384097	4738.619995884679	1100.897141991779	4251.595439007256	1319.0189877260523	13682.887823248177
2016-09-30	2290.3823768859584	4785.831866297812	1100.897141991779	4255.375755046693	1295.7579322459885	13728.24507246823
2016-10-03	2279.6446266891544	4782.573904295938	1083.70079132086	4224.503174058019	1263.2928620076068	13633.715358371579
2016-10-04	2289.3693815843967	4767.084295480006	1053.607177646683	4208.121804553854	1148.661041836041	13466.843701100983
2016-10-05	2290.3823768859584	4826.127712110474	1062.5360520335303	4213.162225939771	1152.50999346223	13544.718360431965
2016-10-06	2307.400697952529	4810.695260522645	1060.2211586739888	4243.404754255142	1097.6205963581772	13519.342467762483
2016-10-07	2310.844881978004	4797.949198655661	1064.189547290365	4223.24306871154	1106.4899196707217	13502.716616306292
2016-10-10	2351.162094981117	4810.981046663162	1074.771916934013	4184.8098556440555	1115.0245515375093	13536.749465759858
2016-10-11	2356.2270714891333	4749.765655364778	1063.1974501362713	4154.567327328621	1089.2533102142681	13413.01081453307
2016-10-12	2377.2973737621573	4767.427238848625	1075.1026159853661	4187.330066337014	1109.0001055138996	13516.157400447062
2016-10-13	2370.003807590623	4739.93461213105	1086.3463837317547	4211.272067920053	1121.0489975611363	13528.605868934616
2016-10-14	2383.1727465113404	4703.8112439699125	1081.3858979612842	4236.474174849506	1103.8123881046824	13508.656451396726
2016-10-17	2381.5519540288	4646.596858638744	1083.0393932181191	4182.289644951098	1119.5428860552292	13413.020736891993
2016-10-18	2379.9311615462602	4673.460755847184	1094.2831609645077	4171.5787495060895	1152.50999346223	13471.763821326273
2016-10-19	2372.8401944351203	4673.6893847595975	1087.3384808858489	4183.549750297577	1167.9057999670367	13485.32361034518
2016-10-20	2371.6246000731635	4631.564507647638	1086.0156846804014	4141.336221190656	1170.9180229788333	13401.45903657069
2016-10-21	2362.305043298505	4681.1198244129955	1074.771916934013	4169.6885914863715	1143.8080158725638	13431.69339200445
2016-10-24	2383.5779446319243	4790.290130089851	1079.7324027044835	4177.249223565181	1124.5632577415681	13555.412958733006
2016-10-25	2395.7338882508734	4773.657376711859	1087.9998789885897	4181.029539604619	1159.0364766544924	13597.457160210433
2016-10-26	2341.8425382064593	4701.696426530099	1099.905044837685	4075.810743173935	1140.2937556921318	13359.54850844031
2016-10-27	2319.354042511289	4677.518919042503	1100.2357438890726	4029.186845354401	1114.1878229231168	13240.483373720383
2016-10-28	2303.9565139272595	4437.229932097213	1098.9129476835908	4038.00758277969	1105.4858453334507	12983.592821821205
2016-10-31	2300.309730841595	4514.392190036353	1126.6916679982257	4030.4469507008157	1151.6732648478373	13123.513804424827
2016-11-01	2258.776923476525	4489.1858524429	1099.905044837685	4002.0945804051644	1165.8976512924946	13015.860052454767
2016-11-02	2260.802914079649	4375.728754658314	1081.3858979612842	4017.2158445628497	1156.1915993655575	12891.325010627654
2016-11-03	2236.693625901939	4384.130867189465	1084.031490372213	4042.417951492367	1245.052178213882	12992.326113169867
2016-11-04	2216.5322247397858	4315.656507921992	1081.055198909931	4075.1806905006956	1268.8152708625978	12957.239892935004
2016-11-07	2248.505355875676	4486.4423054939525	1105.196229659543	4124.324799013251	1262.7908248389713	13227.259514881393
2016-11-08	2261.742639466982	4502.560643819017	1113.1330068922614	4119.284377627335	1253.7541558035477	13250.474823609144
2016-11-09	2258.0769301648666	4411.852122819452	1060.551857725342	4216.942541979144	1279.6927428496676	13227.116195538472
2016-11-10	2195.1489204768586	4243.238299915407	1008.896665902232	4227.6534374242165	1206.8973533976473	12881.834677116361
2016-11-11	2208.1825535513694	4223.976314044674	1002.5472003003524	4186.069960990534	1095.7797934065134	12716.555822293441
2016-11-14	2152.7896129845954	4110.004801207161	1028.2792451080422	4078.3309538668927	1110.8409084655634	12480.245521632254
2016-11-15	2181.3006853351653	4248.153821532271	1071.722957121064	4062.5796370359685	1159.0364766544924	12722.79357767896
2016-11-16	2239.9520341704633	4266.729920665768	1056.0163843163473	4077.0708485204136	1162.7180825578027	12802.487270230795
2016-11-17	2239.1374321034873	4323.372733715905	1052.3403779152538	4086.521638619007	1140.628447137889	12842.000629491544
2016-11-18	2241.3775877880335	4344.863851482658	1060.3607555176463	4148.896853269529	1139.7917185234962	12935.290766581364
2016-11-21	2275.38722409188	4458.263792039142	1085.424435525165	4156.45748534834	1166.3996884611304	13141.932625465655
2016-11-22	2276.8127777094496	4488.728594618076	1084.7560707249602	4131.885431092127	1179.787346291378	13161.970220435991
2016-11-23	2265.2046982525085	4458.949678776378	1079.7433347234562	4116.764166934377	1133.265235331234	13053.927114017952
2016-11-25	2276.609127192654	4460.378609478955	1088.7662595261563	4138.816010497697	1136.9468412345614	13101.516847930023
2016-11-28	2272.1288158233556	4382.644779258785	1115.835033934291	4068.880163768364	1186.6485209293971	13026.137313714193
2016-11-29	2269.888660138603	4358.352957314982	1124.8579587369907	4093.4522180245776	1198.3627215308597	13044.914515746012
2016-11-30	2250.7455115604284	4290.050069731819	1086.426982725473	4038.00758277969	1165.395614123859	12830.62576092127
2016-12-01	2229.7695083310923	4250.497267884497	1075.0647811220551	4003.984738424883	1146.8202388843774	12706.136534646903
2016-12-02	2238.1191795195086	4231.578225382382	1103.1361027304627	4024.776476641724	1183.4689521947053	12781.078936468783
2016-12-05	2222.0307886930627	4340.291273234414	1113.4957571335729	4086.521638619007	1187.4852495437729	12949.82470722383
2016-12-06	2239.1374321034873	4370.927547497657	1104.4728323308727	4191.1103823764515	1166.901725629766	13072.549919938236
2016-12-07	2261.131687916595	4403.507167516404	1120.513587535692	4259.786123759306	1161.211971051896	13206.150537779893
2016-12-08	2283.3295942467053	4385.845584032557	1142.9038083423907	4269.866966531138	1157.6977108714643	13239.643664024254
2016-12-09	2320.5976388192826	4393.447495370265	1166.2965763493971	4323.421443756307	1121.5510347297718	13325.314189025023
2016-12-12	2307.360355227976	4344.635222570246	1153.263462745501	4334.132339201379	1129.081592259288	13268.47297200439
2016-12-13	2345.8503029013273	4425.912800932806	1185.0107907550023	4363.74481484351	1159.538513823128	13480.057223255775
2016-12-14	2345.8503029013273	4394.362011019914	1172.6460419513112	4320.901233063349	1112.681711417227	13346.441300353126
2016-12-15	2358.680285459043	4349.665058643316	1194.0337155577024	4343.0564547388885	1045.4087308201808	13290.844245219132
2016-12-16	2361.7350432107714	4331.203273966025	1193.6995331575997	4308.241106391658	1027.3353927493345	13222.214349475387
2016-12-19	2375.3796278356695	4378.243672694849	1194.7020803579073	4285.452878382498	1037.5434818449073	13271.32174111583
2016-12-20	2381.692793856129	4408.0797457646495	1185.0107907550023	4305.076074723686	1036.3720617847578	13316.231466884226
2016-12-21	2383.9329495408815	4404.53599762226	1174.3169539517894	4272.159745377188	1047.4168794947232	13282.362525986842
2016-12-22	2368.251859748027	4380.187018450353	1179.9980547534983	4254.43556803673	1035.535333170365	13218.407834158972
2016-12-23	2372.9358216343276	4347.321612291091	1179.6638723533958	4251.903542702443	1042.3965078083672	13194.221356789625
2016-12-27	2388.005959876795	4409.108575870505	1183.005696354387	4274.691770711539	1061.8086116622417	13316.620614475467
2016-12-28	2377.8234340372173	4413.281053522029	1176.3220483524049	4262.664650373403	1068.5024405773656	13298.59362686242
2016-12-29	2377.21248248683	4373.3853083060885	1193.6995331575997	4241.775441365039	1116.195971597659	13302.268736913218
2016-12-30	2358.680285459043	4286.0490637646035	1186.0133379553097	4248.738511034472	1060.1351544334566	13139.616352646884
2017-01-03	2365.4007525130937	4307.768810443768	1175.9878659523022	4220.886232356675	1081.5554069618731	13151.599068227712
2017-01-04	2362.7532957947496	4327.830997507945	1186.0133379553097	4286.718891049674	1091.094113165932	13254.41063547361
2017-01-05	2374.7686762852823	4460.835867303779	1186.3475203554124	4281.654840380972	1127.8782281264223	13431.48513245187
2017-01-06	2401.2432434681014	4549.658199775944	1205.7300995612227	4333.561359735105	1100.332132904859	13590.525035445233
2017-01-09	2423.2374992814152	4554.973821989529	1178.6613251530882	4289.883922717644	1106.0429087434734	13552.79947788515
2017-01-10	2425.6813054827576	4549.143784723016	1171.6434947510036	4253.802561703174	1125.1908042023667	13525.461950862316
2017-01-11	2438.7149385572684	4566.976839891173	1182.6715139542844	4286.718891049674	1119.8159563542551	13594.898139806655
2017-01-12	2428.532412717897	4650.540707377855	1184.3424259547971	4266.46268837493	1118.1363164017243	13648.014550827203
2017-01-13	2424.255751865394	4670.545737213928	1184.3424259547971	4286.085884716118	1128.3821201121768	13693.611919862415
2017-01-17	2443.80620147716	4628.135073961454	1199.0464515592062	4240.509428697864	1148.5377995425783	13660.034955238263
2017-01-18	2443.6025509603646	4615.3318548663665	1193.3653507574973	4256.967593371081	1144.170735665992	13653.438085621301
2017-01-19	2439.325890107655	4624.248382450445	1194.3678979578049	4244.940473032945	1145.0105556422657	13647.893199191118
2017-01-20	2443.80620147716	4620.190219255128	1196.37299235842	4263.930663040578	1155.256359352718	13679.556435484004
2017-01-23	2445.4354056115253	4674.775372093555	1179.6638723533958	4261.398637706228	1180.9548506264825	13742.228138391187
2017-01-24	2443.195249926773	4700.839068108553	1173.9827715516872	4301.278036722161	1204.1338819714597	13823.429008280635
2017-01-25	2482.09249863351	4781.31644527767	1181.3347843539086	4325.965283732051	1202.958134004683	13973.667146001822
2017-01-26	2483.314401734284	4796.348796268776	1179.3296899532934	4356.982594077819	1168.693478972997	13984.668961007168
2017-01-27	2483.5180522510796	4777.02965316994	1172.311859551209	4327.231296399227	1183.8102385457896	13943.901099917246
2017-01-30	2477.001235713824	4746.221907222388	1170.9751299507984	4315.837182394646	1170.7090469160305	13880.744502197687
2017-01-31	2471.299021243751	4706.783419831272	1199.0464515592062	4465.226677121167	1212.1961537436102	14054.551723499007
2017-02-01	2622.0004036682203	4757.481881158692	1184.6766083548996	4478.519810126479	1199.9347820901248	14242.613485398415
2017-02-02	2617.520092298715	4800.921374517022	1197.041357158591	4473.4557594577755	1189.6889783796555	14278.62756181176
2017-02-03	2628.7208707222712	4630.878620910401	1195.704627558215	4452.566550449412	1174.740182802114	14082.610852442413
2017-02-06	2653.3625832537227	4616.246370516015	1196.7071747585228	4414.58617043421	1202.6222060141806	14083.52450497665
2017-02-07	2678.615247335768	4644.024783374106	1203.390822760505	4390.53192975794	1191.2006543369519	14107.763437565269
2017-02-08	2689.001423691935	4685.235144836416	1177.3245955527125	4360.147625745727	1198.5910701280966	14110.299859954888
2017-02-09	2708.3482227869054	4694.666087473422	1164.6256643488846	4374.073765084657	1176.4198227546447	14118.133562448513
2017-02-10	2702.212408960994	4729.531996616292	1170.3067651505935	4416.485189435005	1201.446458047404	14219.982818210288
2017-02-13	2726.1420828822556	4781.373602505773	1183.9079888346778	4475.354778458571	1200.1027460853759	14366.881198766656
2017-02-14	2761.5252759454256	4780.57340131233	1192.6776776408553	4480.418829127273	1197.2473581660686	14412.442542191953
2017-02-15	2771.5471051946206	4816.639612245364	1187.955537514431	4510.170126805801	1195.063826227767	14481.376207987985
2017-02-16	2768.17240759037	4824.870253092206	1194.701451980732	4515.867183808124	1197.41532216132	14501.026618632754
2017-02-17	2775.842174872759	4830.185875305791	1200.0981835537934	4526.6282914790845	1174.9081467973654	14507.662672008793
2017-02-21	2795.8858333709436	4895.173643658978	1211.5662381464847	4517.766202808855	1192.712330294231	14613.104248279491
2017-02-22	2804.2714455998957	4890.429593726423	1203.8084365102281	4509.537120472246	1156.0961793289916	14564.142775637783
2017-02-23	2792.408872202927	4870.881821715175	1213.5900124863613	4522.830253477558	1155.9282153337401	14555.639175215761
2017-02-24	2795.0677248608217	4831.157548183543	1254.0654992841335	4522.830253477558	1147.6979795663217	14550.819005372377
2017-02-27	2800.589957304142	4850.591005738586	1233.4904601619462	4503.840063469925	1112.9294325488643	14501.440919223463
2017-02-28	2801.817120069324	4830.014403621482	1238.2126002883363	4501.308038135574	1109.4021886485516	14480.754350763269
2017-03-01	2859.084715778452	4875.968815016347	1216.6256739961934	4569.039715829368	1123.5111642498362	14644.230084870198
2017-03-02	2842.10896419343	4852.1342508973685	1228.4310243122031	4510.170126805801	1084.7114813462952	14517.555847555099
2017-03-03	2858.880188650922	4857.678502023366	1225.0580670790525	4500.042025468461	1098.988420942848	14540.647204164648
2017-03-06	2849.880995039585	4838.9880884336635	1216.6256739961934	4517.1331964753	1064.723765911145	14487.351719855887
2017-03-07	2853.562483335132	4835.615811975583	1218.6494483361043	4489.913924131057	1044.7360504759945	14442.477718253871
2017-03-08	2842.9270727035514	4861.222250165756	1204.8203236801835	4477.253797459302	1044.4001224854917	14430.623566494283
2017-03-09	2836.3822046223722	4875.511557191522	1206.8440980200603	4499.409019134842	1032.1387508319892	14450.285629800786
2017-03-10	2845.7904524889773	4872.425066873957	1213.252716763043	4491.812943131789	1057.3333501199997	14480.614529377766
2017-03-13	2847.017615254159	4884.599556459911	1212.2408295931218	4480.418829127273	1058.6770620820278	14482.953892516492
2017-03-14	2842.7225455760213	4872.825167470679	1202.12195789367	4475.987784792126	1037.681562675352	14431.339018407849
2017-03-15	2872.788033323194	4875.340085507214	1223.708884185813	4503.207057136368	1092.605789123211	14567.649849275802
2017-03-16	2877.4921572563935	4877.912160771852	1213.5900124863613	4524.826520556665	1088.406689241876	14582.227540313148
2017-03-17	2863.1752583292664	4871.56770845241	1214.6018996563166	4507.022256563453	1089.0785452228986	14545.445668224347
2017-03-20	2893.24074607644	4898.20297674844	1199.760887830475	4500.027724280454	1094.9572850567645	14586.189619992572
2017-03-21	2860.1073514163104	4819.497473650518	1212.9154210397242	4434.533467448334	1120.655776330529	14447.709489885416
2017-03-22	2892.422637566318	4847.275886508608	1224.38347563245	4431.990001163589	1133.4210399697856	14529.49304084075
2017-03-23	2882.196281189799	4843.3891949976	1212.9154210397242	4433.897600877163	1127.8782281264223	14500.276726230708
2017-03-24	2876.469521618742	4833.272365623357	1218.312152612786	4441.527999731332	1129.2219400884505	14498.803979674667
2017-03-27	2881.3781726796774	4840.188390223828	1208.867872359971	4388.1152077517645	1156.6000713147457	14475.149714329988
2017-03-28	2941.1000939191695	4892.658725622442	1203.1338450636256	4396.381473177166	1147.865943561573	14581.140081343976
2017-03-29	2947.6449620001417	4997.370767507259	1211.9035338698031	4366.495744331469	1163.990487105891	14687.405494814564
2017-03-30	2943.7589465770643	5008.916527584079	1204.1457322335466	4412.278137456804	1162.814739139131	14731.914082990625
2017-03-31	2938.236714133744	5067.2169002492055	1213.5900124863613	4416.093336883952	1176.5877867498962	14811.724750503161
2017-04-03	2939.0548226438655	5095.624042616429	1208.1932809133343	4381.756542039935	1179.9470666549742	14804.575754868536
2017-04-04	2960.9392252898238	5183.188916070327	1218.9867440593885	4363.952278046724	1200.1027460853759	14927.169909551638
2017-04-05	2945.5996907248377	5197.192436955578	1216.288378272875	4393.202140321252	1186.665626465097	14938.94827273964
2017-04-06	2938.236714133744	5134.3194860422045	1223.3715884624944	4395.745606605997	1204.5304974216897	14896.20389266613
2017-04-07	2931.6918460525653	5114.886028487163	1213.252716763043	4401.468405746656	1214.6426885291771	14875.941685578604
2017-04-10	2928.2148848845486	5184.389217860491	1207.8559851900156	4410.370537743294	1216.6651267506818	14947.495752429031
2017-04-11	2896.717707244456	5157.639635108257	1218.9867440593885	4387.479341180594	1259.4734024390987	14920.296830031793
2017-04-12	2900.1946684126788	5122.602254281077	1220.673222675981	4367.131610902638	1257.4509642175944	14868.05272048997
2017-04-13	2884.855133847694	5056.5284985939315	1213.252716763043	4330.887216345047	1256.1026720699306	14741.626237619646
2017-04-17	2900.8082497952705	5155.524817668442	1210.8916466998478	4392.566273750083	1260.8216945867625	14920.612682500405
2017-04-18	2887.923040760649	5165.755961498891	1206.8440980200603	4393.8380068924225	1268.7429109543152	14923.104018126338
2017-04-19	2877.287630128863	5139.577951027687	1196.050634874006	4398.289072890741	1234.6985342257221	14845.903823147019
2017-04-20	2913.2844045746237	5155.924918265164	1182.2215102180853	4458.696397153373	1224.9234161551462	14935.050646366393
2017-04-21	2909.8074434066075	5135.748416744782	1181.5469187714825	4445.343199158482	1220.204393638314	14892.650371719668
2017-04-24	2937.8276598786833	5186.504035300304	1197.3998177672454	4479.679994002499	1220.8785397121376	15022.29004666087
2017-04-25	2956.235101356624	5187.7043370904685	1183.570693111359	4484.766926571988	1186.3285534281852	14998.605611558625
2017-04-26	2938.0485491762843	5197.2495941836805	1177.1620743683766	4421.816136024611	1184.8117247620569	14919.088078515011
2017-04-27	2940.8955667916393	5251.377489197284	1175.1383000284998	4366.495744331469	1169.811974619273	14903.719074968167
2017-04-28	2938.032187006213	5286.986442305495	1168.0550898388803	4379.21307575519	1191.2161124634817	14963.502907369262
2017-05-01	2998.367689628297	5420.962984979081	1157.9362181394288	4351.870813194172	1164.587342547065	15093.725048488044
2017-05-02	3016.979658233769	5410.960470061043	1162.3210625425347	4346.783880624684	1172.677095433065	15109.722166895095
2017-05-03	3007.775937494695	5378.666636182812	1146.1308678234188	4311.811219209496	1160.2053930671445	15004.590053777565
2017-05-04	2996.935999735584	5358.661606346738	1148.4919378866139	4321.349217777303	1143.5202777397683	14968.95903948601
2017-05-05	3046.6360917258817	5339.342463247903	1158.2735138627472	4318.169884921389	1178.238800542185	15040.660754300105
2017-05-08	3129.2650512491905	5424.449575893367	1155.5751480762335	4262.213626657011	1182.1151404667291	15153.61854234253
2017-05-09	3148.8996554923137	5446.055008116327	1132.976334614135	4244.4093626638005	1185.4858708358975	15157.826231722474
2017-05-10	3134.58275656498	5423.93516084044	1138.7103619105153	4244.4093626638005	1188.0139186127608	15129.651560592498
2017-05-11	3161.5803373991976	5416.3332495027325	1140.9702432567146	4273.02335836716	1268.9114474727626	15260.818635998567
2017-05-12	3205.7336191492996	5494.810123688242	1162.4272955925692	4295.278688358689	1298.7424112399	15456.9921380287
2017-05-15	3197.5190551027404	5475.490980589406	1181.840819134553	4309.267752924751	1307.3377736812595	15471.45638143271
2017-05-16	3192.7956807759992	5521.78833535289	1175.369644620581	4283.833090077306	1323.8543524901886	15497.641103316966
2017-05-17	3085.595619969038	5398.614508790783	1186.9496411192995	4243.13762952146	1347.4494650743488	15261.74686447493
2017-05-18	3132.6239991352923	5478.4631564507645	1194.78316816253	4243.77349609263	1315.9331361226357	15365.576955963854
2017-05-19	3141.2492913841593	5486.179382244679	1194.101991897918	4288.284156075625	1328.0677654516444	15437.882587054024
2017-05-22	3162.401793804019	5548.252131964608	1210.1096341167367	4318.169884921389	1345.2584903343968	15584.191935141149
2017-05-23	3158.499875881892	5553.053339125266	1204.6602239997005	4319.441618063729	1334.3036166346044	15569.958673705192
2017-05-24	3149.053127228411	5603.408857084067	1219.646101821584	4302.909087212922	1343.2360521128926	15618.253225459875
2017-05-25	3159.9374245899685	5677.884725302362	1227.1390407325255	4335.974148914534	1347.7865381112606	15748.72187765065
2017-05-26	3154.5979579597665	5691.602460047097	1219.986689953873	4297.186288072263	1360.9323865510212	15724.30578258402
2017-05-30	3155.8301425666887	5696.86092503258	1228.160805129461	4287.012422933286	1353.3482432203973	15721.212538882413
2017-05-31	3137.1420093608795	5684.9722215871425	1236.6755084373385	4301.001487499348	1355.3706814418845	15715.16190832659
2017-06-01	3145.767301609746	5692.57413292485	1250.9802099946091	4315.626418636644	1345.9326364082203	15750.88069957407
2017-06-02	3192.3849525736923	5754.1896248199555	1246.552564274509	4292.099355502774	1344.9214172974682	15830.147914468398
2017-06-05	3161.1696091968906	5780.539106975469	1247.5743286714446	4315.626418636644	1334.8092261899808	15839.718689670428
2017-06-06	3171.8485424575006	5732.698507053202	1249.6178574653159	4340.425214912855	1354.696535368061	15849.286657256933
2017-06-07	3190.7420397644632	5773.28013900638	1246.8931524067978	4425.631335451696	1333.2923975238525	15969.839064153188
2017-06-08	3182.9382039202114	5772.53709504104	1239.7408016281797	4464.419196294033	1342.0562964836763	16001.69159336714
2017-06-09	3059.5143791214905	5591.748782551042	1247.2337405391213	4485.402793143157	1310.2028944950514	15694.102589849861
2017-06-12	2984.351118095946	5514.7008390681085	1242.4655066866976	4476.500661146584	1297.8997286475953	15515.91785364493
2017-06-13	3010.432358943494	5605.923775120601	1244.8496236129265	4545.810117405789	1317.4499647887635	15724.465839871576
2017-06-14	2981.065292477281	5581.231852580077	1249.6178574653159	4541.9949179787045	1282.731441986347	15636.641362487724
2017-06-15	2963.198615676087	5510.928462013306	1254.0455031854162	4535.602243921024	1271.6080317681076	15535.382856563941
2017-06-16	2921.7150672413945	5645.476576967923	1262.9007946256165	4549.026859442141	1264.5294979928594	15643.648796269936
2017-06-19	3005.298256414446	5688.11586913281	1254.7266794500629	4547.748324630567	1269.7541300650676	15765.643259692955
2017-06-20	2977.9848309597696	5673.36930428222	1256.4296201116451	4492.132060328831	1264.360961474395	15664.27677715686
2017-06-21	2995.646143659811	5728.468872173576	1248.9366812007036	4459.5294226346705	1286.1021723555152	15718.683292024276
2017-06-22	2990.7174052319165	5723.15324995999	1248.5960930683802	4444.8262723020425	1300.259239906011	15707.552260468337
2017-06-23	3005.5036205156	5737.099613617138	1243.1466829513442	4465.92209669235	1311.551186642732	15763.223200419163
2017-06-26	2994.6193231540424	5681.314158988546	1267.3284403457171	4494.049862546097	1312.5624057534676	15749.87419078787
2017-06-27	2951.903590112222	5583.003726651272	1252.0019743915448	4518.342023965311	1313.236551827308	15618.487866947657
2017-06-28	2994.824687255196	5660.451770730927	1232.5884508495617	4579.072427513217	1332.2811784131002	15799.218514762004
2017-06-29	2950.6714055052994	5578.145362262512	1220.6678662185195	4573.319020861291	1295.2031443522676	15618.006799199891
2017-06-30	2957.6537849447313	5532.8196803767805	1228.5013932617844	4570.12268383245	1317.4499647887635	15606.547507204512
2017-07-03	2946.9748516843274	5450.856215276984	1220.6678662185195	4580.350962324728	1299.5850938321878	15498.434989336747
2017-07-05	2959.091333652807	5552.253137931823	1209.7690459844134	4582.268764542058	1312.5624057534676	15615.94468786457
2017-07-06	2931.161815894876	5516.472713139303	1215.2184561014838	4555.419533499823	1307.3216233502824	15525.594141985766
2017-07-07	2960.939610563396	5594.32085781568	1211.8125747783192	4579.072427513217	1302.7570709346076	15648.90254160522
2017-07-10	2979.0116514657443	5695.546308786209	1217.9431611600016	4560.53367274593	1322.8749130629767	15775.90970722086
2017-07-11	2988.6637642203796	5682.171517410092	1216.5808086307427	4551.5839290652275	1340.4568927381838	15779.456912064627
2017-07-12	2992.9764103448124	5752.932165801687	1228.5013932617844	4559.894405340174	1338.428202775671	15872.732577524128
2017-07-13	3034.6653228808646	5714.8940304990965	1216.5808086307427	4573.319020861291	1325.2417180192615	15864.700900891257
2017-07-14	3060.7465637284126	5726.068268593246	1228.160805129461	4542.634185384461	1367.506092238513	15925.115915074093
2017-07-17	3071.425496988816	5773.10866732207	1261.1978539640686	4570.12268383245	1379.3401170199195	16055.194819127324
2017-07-18	3082.104430249426	5855.072132421867	1265.625499684169	4583.547299353569	1397.5983266826368	16183.947688391669
2017-07-19	3101.4086557586966	5869.304282219528	1273.4590267273993	4590.579240817005	1398.7817291607787	16233.532934683408
2017-07-20	3087.4438968796276	5879.764054962391	1280.6113775060521	4604.003856338122	1410.9538689359235	16262.777054622115
2017-07-21	3086.0063481713455	5862.445414847161	1276.5243199182407	4650.031109553401	1419.5758012766582	16294.582993766808
2017-07-24	3123.382614582965	5938.350213768033	1266.987852213428	4643.638435495719	1428.0286761204982	16400.38779218064
2017-07-25	3136.7312811585716	5943.608678753515	1260.8572658317455	4650.031109553401	1424.6475261829655	16415.8758614802
2017-07-26	3151.517496442255	6017.51297469078	1283.3360825645698	4759.34583593967	1456.5993930927243	16668.31178273
2017-07-27	3091.961907105215	5978.646059580695	1293.8943146663528	4751.674627070479	1447.4702882613744	16563.647196684116
2017-07-28	3070.1933123818935	5830.265895425136	1307.8584280912662	4754.2316966934995	1464.2069804521943	16426.75631304399
2017-07-31	3056.8446458062863	5645.876677564645	1305.8148992973947	4754.2316966934995	1465.0522679365815	16227.820187298408
2017-08-01	3081.488337945759	5693.945906399324	1312.9672500760132	4780.44166032998	1474.8576027554586	16343.700757506535
2017-08-02	3227.091485670107	5692.231189556232	1308.5396043559124	4773.409718866543	1465.7284979240917	16467.000496372882
2017-08-03	3194.8493217877426	5640.961155947782	1309.220780620525	4800.258949908778	1465.8975554209692	16411.187763685793
2017-08-04	3211.689178082963	5644.7335330025835	1300.024901048001	4801.537484720353	1441.5532758706627	16399.53837272456
2017-08-08	3287.4685314119683	5657.651066553877	1301.3872535772603	4810.487228401055	1429.0430211017633	16486.037101045924
2017-08-09	3307.5942133260596	5612.8969569491765	1284.0172588291825	4874.413968977801	1435.9743784737227	16514.896776555943
2017-08-10	3201.6263371260206	5469.489471638583	1285.3796113584413	4853.3181445874925	1466.4047279116016	16276.21829262214
2017-08-11	3247.1959526670034	5532.762523148677	1288.3427281095958	4826.468913545258	1474.688545258581	16369.458662729117
2017-08-14	3296.064725894212	5620.270239374471	1291.7783087178882	4909.573676295048	1460.318658024029	16578.005608305648
2017-08-15	3332.1492630872986	5617.0694346007	1300.0237021777896	4922.359024410411	1450.1752082113971	16621.776632487596
2017-08-16	3318.7464349870093	5591.005738585702	1309.986885941837	4930.030233279602	1476.5481777242162	16626.317470518366
2017-08-17	3255.2376495271774	5490.351859896203	1291.7783087178882	4876.331771195131	1470.9692803272765	16384.668869663677
2017-08-18	3247.6083473777817	5478.348841994559	1305.177073090228	4788.7521366049905	1458.1209105646217	16278.007309632181
2017-08-21	3241.6286240714994	5448.741397837171	1304.1463989077404	4813.04429802414	1470.6311653335213	16278.19188417407
2017-08-22	3294.621344406489	5526.5323852854435	1313.4224665501292	4886.5600496874085	1466.911900402234	16488.048146331705
2017-08-23	3298.7452915142703	5475.662452273715	1316.5144890975923	4838.614994254864	1477.9006376992363	16407.437864839678
2017-08-24	3284.1052792816467	5443.940190676514	1317.2016052192512	4790.669938822257	1487.705972518113	16323.622986517783
2017-08-25	3296.2709232496018	5402.844143670409	1315.8273729759337	4842.450598689461	1500.2162272870128	16357.609265872416
2017-08-28	3329.468697467241	5407.1880930062425	1314.7966987934465	4834.779389820268	1557.1886037345712	16443.42148282177
2017-08-29	3359.1611166432663	5453.142504401106	1313.0789084893001	4807.930158777969	1563.4437311190209	16496.75641943066
2017-08-30	3368.2338002803854	5530.476234024555	1300.0237021777896	4799.619682503023	1537.0707616062018	16535.424180591956
2017-08-31	3381.636628380674	5604.837787786644	1301.0543763602773	4818.797704676065	1576.9683308691854	16683.294828072845
2017-09-01	3382.6676151576203	5591.405839182423	1289.716960352913	4818.158437270311	1569.867916000348	16651.816767963614
2017-09-05	3342.046736145974	5517.215757104643	1291.7783087178882	4754.870964099319	1593.1978505693896	16499.109616637215
2017-09-06	3338.5413811043595	5531.6765358147195	1290.060518413742	4742.724883389712	1559.5554086908558	16462.558727413387
2017-09-07	3325.13855300407	5598.379021010997	1306.551305333545	4712.679315318636	1571.896605962878	16514.644800630125
2017-09-08	3270.908648536746	5520.816662475137	1311.3611181851543	4752.953161881989	1569.6988585034876	16425.738449582514
2017-09-11	3330.0872895334082	5589.748279567435	1321.6678600100306	4741.446348578201	1549.2429013813633	16532.19267907044
2017-09-12	3316.0658693669516	5616.154918951051	1301.3979344211066	4796.4233454741825	1566.1486510690604	16596.190719282353
2017-09-13	3291.9407787864307	5713.436521182469	1298.6494699344728	4777.884590706894	1529.801289240487	16611.712649850753
2017-09-14	3263.691741098129	5671.197329614303	1308.9562117593496	4799.619682503023	1524.7295643341797	16568.194529308985
2017-09-15	3296.6833179603796	5640.218111982441	1292.1218667787173	4802.832279345394	1516.4457469872	16548.301323054133
2017-09-18	3271.7334379583026	5568.200004572579	1284.9071475013038	4824.677937873521	1529.463174246732	16478.98170215244
2017-09-19	3272.970622090637	5543.450924803951	1280.784450771353	4903.707820195859	1546.5379814313237	16547.45179929312
2017-09-20	3218.122125557145	5562.598596218478	1268.0728025206718	4930.69363367178	1526.7582542967095	16506.245412264783
2017-09-21	3162.8612343128752	5513.672008962254	1276.3181959805731	4889.572394089425	1511.881194571525	16354.305027916653
2017-09-22	3131.931631004516	5459.086856123826	1275.2875217980852	4910.133013880602	1515.7695169996898	16292.20853980672
2017-09-25	3104.3011853823814	5371.579139898032	1291.7783087178882	4955.1093696738035	1511.5430795777697	16234.311083249877
2017-09-26	3157.706300428149	5364.777429753766	1277.0053121022315	4906.920417038231	1486.5225700399706	16192.93202936235
2017-09-27	3180.1818121655574	5434.909348636229	1276.3181959805731	4955.751889042277	1461.8401754959095	16309.001421320547
2017-09-28	3160.5930634035963	5466.517295777225	1284.9071475013038	4987.877857465992	1461.671117999032	16361.56648214715
2017-09-29	3177.9136412562775	5494.810123688242	1294.1832151436927	4984.022741255147	1454.5707031302118	16405.50042447357
2017-10-02	3171.521523239217	5482.46416241798	1310.3304440026664	4998.158167361582	1456.5993930927243	16419.073690114168
2017-10-03	3185.336746050284	5470.518301744439	1300.0237021777896	4995.588089887684	1456.2612780989696	16407.728117959166
2017-10-04	3164.1149142336412	5518.244587210499	1312.0482343068127	4984.022741255147	1463.8688654584391	16442.29934246454
2017-10-05	3204.1007053906887	5606.26671848922	1317.5451632800803	4989.162896202942	1464.7141529428268	16581.789636305755
2017-10-06	3202.244929192188	5656.164978623197	1310.6740020634954	4748.21813302508	1489.2955825929087	16406.59762549687
2017-10-09	3213.379586383197	5664.224147785729	1306.8948633943742	4786.769295133537	1509.2997805150446	16480.56767321188
2017-10-10	3214.6167705155317	5642.561558334668	1315.8273729759337	4790.624411344383	1506.587346898484	16470.217460068998
2017-10-11	3228.019598615821	5687.144196255058	1321.3243019492015	4859.373983771133	1497.7719376446614	16593.634018235876
2017-10-12	3216.678744069422	5721.038432520177	1337.8150888690043	4813.112589240983	1505.5701842922736	16594.21503899186
2017-10-13	3237.0922822529396	5732.527035368893	1348.121830693881	4776.488985237948	1495.5680853312056	16589.798218884865
2017-10-16	3296.6833179603796	5751.960492923936	1362.894827309538	4761.711039763039	1485.0574050670325	16658.307083023923
2017-10-17	3308.848961928334	5767.907359564691	1360.4899208837335	4800.2622018714965	1484.8878779659976	16722.396322214252
2017-10-18	3294.2089496957105	5698.575641875672	1361.1770370053919	4793.194488818279	1483.5316611577173	16630.68777855277
2017-10-19	3216.2663493586433	5639.189281876586	1366.3304079178304	4686.536273651546	1486.922203178418	16395.244515983024
2017-10-20	3219.9779017556466	5618.041107478452	1359.8028047620746	4685.251234914597	1470.4780743780182	16353.551123288791
2017-10-23	3220.1840991110357	5523.1029515992595	1365.2997337353427	4721.874838917632	1463.6969903366164	16294.158613699887
2017-10-24	3239.360453162219	5577.973890578202	1372.8580110735854	4719.3047614437355	1464.5446258417915	16374.041742099533
2017-10-25	3225.029736962679	5560.883879375386	1376.637149742707	4654.410305227831	1466.0703697511071	16283.031441059708
2017-10-26	3245.75257117928	5558.140332426439	1370.1095465869516	4644.772514700717	1425.3838655026952	16244.158830396083
2017-10-27	3362.0478796187135	6292.725028007042	1382.8211948376331	4647.985111543088	1437.0812354741136	17122.66044948059
2017-10-30	3437.7223090465004	6349.310683829077	1382.4776367768038	4651.8402277539335	1440.4717774948147	17261.82263490113
2017-10-31	3485.560095496763	6317.474107775669	1381.446962594316	4667.903211965791	1425.8924468058003	17278.276824638342
2017-11-01	3441.227664088114	6308.32895127918	1379.3856142293407	4652.482747122408	1413.0083871271365	17194.43336384618
2017-11-02	3466.3837414455807	6254.258213493678	1398.9684236966066	4701.314219126454	1468.6132762666327	17289.537874028953
2017-11-03	3556.9043804613802	6353.597475936806	1406.5267010348496	4651.8402277539335	1457.9330689014248	17426.801854088393
2017-11-06	3592.9889176544666	6405.381924598186	1397.9377495141187	4624.211894909539	1505.4006571912385	17525.92114386755
2017-11-07	3604.5359695562547	6419.728388852055	1417.8641170422143	4627.42449175191	1509.6388347171146	17579.191801919547
2017-11-09	3626.599086582884	6453.794096801483	1413.397862251434	4737.295303761016	1484.8878779659976	17715.974227362814
2017-11-10	3601.649206580807	6432.188664578522	1418.8947912247015	4727.014993865426	1451.3215119610575	17631.069168210513
2017-11-13	3587.2153917035725	6454.022725713895	1446.0358780302104	4845.2385576646975	1464.5446258417915	17797.05717895417
2017-11-14	3532.985487236249	6497.862319668946	1456.3426198550874	4881.219642299258	1457.2549604972846	17825.665029556825
2017-11-15	3486.38488491832	6439.847733144334	1435.0420200836752	4878.649564825362	1443.1842111113754	17683.108414083068
2017-11-16	3528.036750706911	6500.434394933583	1416.8334428597263	4881.219642299258	1452.169147466233	17778.69337826571
2017-11-17	3508.4480019449497	6458.080888909212	1417.5205589813847	4879.93460356231	1447.4223886372515	17711.40644203511
2017-11-20	3504.942646903335	6437.675758476416	1420.6125815288478	4940.331424198895	1446.9138073341464	17750.47621844164
2017-11-21	3570.10101120628	6513.0089851162575	1421.9868137721646	4962.819602095495	1473.5295621966493	17941.445974386847
2017-11-22	3607.6289298870906	6608.290084364069	1425.7659524412863	4958.321966516175	1478.9544294297707	18078.96136263839
2017-11-24	3607.8351272424793	6778.847253023618	1430.2322072320662	4963.462121463969	1471.6647640852636	18252.041473047397
2017-11-27	3589.6897599682416	6835.03280824893	1430.9193233537246	4962.17708272702	1464.3750987407564	18282.19407303867
2017-11-28	3568.657629718557	6822.286746381947	1441.5696232394307	5033.496732627668	1443.0146840103405	18309.025415977943
2017-11-29	3494.632779133882	6637.497427924735	1432.2935555970414	5047.632158734103	1390.1222284874048	18002.178149877167
2017-11-30	3543.501552361091	6725.976817028282	1432.9806717187	5086.183320842561	1402.3281797619286	18190.970541712562
2017-12-01	3527.0057639299657	6643.670408559867	1437.1033684486506	5092.608514527304	1404.701559176419	18105.089614642202
2017-12-04	3501.2310945063323	6481.34388074716	1427.8273008062617	5071.405375367653	1391.478445295685	17873.28609672309
2017-12-05	3497.9319368201072	6524.897688561695	1417.1770009205557	5044.419561891732	1384.5278341532483	17868.954022347338
2017-12-06	3484.9415034305957	6586.5131804568	1412.7107461297755	5032.211693890719	1380.4591837284072	17896.8363076363
2017-12-07	3494.055426538793	6629.038158165481	1402.0604462440697	4998.158167361582	1386.562159365669	17909.874357675595
2017-12-08	3492.3646082246028	6641.669905576259	1410.305839703971	5061.767584840538	1409.6178451064357	18015.725783451806
2017-12-11	3560.409735502994	6681.222707423582	1440.1953909961137	5090.038437053406	1417.416091754048	18189.28236273014
2017-12-12	3540.4085920302546	6659.274331832004	1408.9316074606538	5093.251033895778	1414.364603935417	18116.230169154107
2017-12-13	3552.161841287432	6653.844395162213	1413.0543041906049	5025.143980837502	1435.216437362728	18079.42095884048
2017-12-14	3551.130854510486	6711.744667230618	1402.0604462440697	4977.597547570404	1434.877383160658	18077.410898716236
2017-12-15	3585.153418149682	6739.637394544915	1399.655539818265	4980.1676250443015	1425.21433840166	18129.828315958825
2017-12-18	3637.733743773894	6805.025263494822	1390.7230302367052	4945.471579146689	1432.8430579482374	18211.796674600348
2017-12-19	3598.968640960749	6786.734950501842	1361.1770370053919	4890.214913457899	1431.995422443062	18069.09096436894
2017-12-20	3595.0508912083574	6730.9494958732475	1341.2506694772967	4822.107860399623	1455.390162385899	17944.749079344423
2017-12-21	3608.6599166640353	6714.602528635772	1342.2813436597844	4844.596038296224	1455.8987436890043	17966.03857094482
2017-12-22	3608.6599166640353	6678.021902649809	1340.2199952948088	4888.9298747209505	1467.4265865593875	17983.25827588899
2017-12-26	3517.10829087129	6726.033974256385	1333.3488340782246	4891.4999521948475	1485.905040572208	17953.896091972954
2017-12-27	3517.7268829374575	6757.4704497130715	1339.5328791731506	4904.992858932808	1470.3085472769833	17990.03161803347
2017-12-28	3527.624355996133	6779.418825304647	1350.1831790588565	4926.19599809246	1390.9698639925803	17974.392222444676
2017-12-29	3489.4778452491555	6684.36635496925	1353.9623177279777	4936.476307988049	1392.1565536998257	17856.439379634256
