	Portfolio Val	Rolling_mean_PV	Rolling_std_PV	upper_band_PV	lower_band_PV	SP500
4	9863.244644523731	9995.237797381678	76.34613847336456	10147.930074328407	9842.54552043495	2046.68
5	9924.323042208038	9980.102405823285	82.42535256006903	10144.953110943423	9815.251700703147	2051.31
6	10107.138355618106	9990.44516379217	96.31406507783645	10183.073293947844	9797.817033636496	2076.62
7	10244.6212071855	10033.56225244046	150.7700289138674	10335.102310268196	9732.022194612726	2099.6
8	10319.947293121817	10091.854908531439	197.43786409330968	10486.730636718059	9696.979180344819	2108.95
9	10301.069060431066	10179.419791712906	165.14895202770742	10509.71769576832	9849.121887657491	2107.4
10	10474.599497936808	10289.47508285866	132.84631838707116	10555.167719632802	10023.782446084519	2124.29
11	10499.833425815776	10368.014096898196	112.64395673465215	10593.3020103675	10142.726183428891	2126.64
12	10476.393088196226	10414.368473100341	95.56568881276426	10605.49985072587	10223.237095474813	2128.28
13	10398.582800143271	10430.095574504632	81.59093571331796	10593.277445931268	10266.913703077997	2119.21
14	10317.872306505464	10433.456223719511	75.03011710808003	10583.516457935671	10283.395989503351	2114.15
15	10190.723381017111	10376.681000335573	126.12236900585367	10628.92573834728	10124.436262323867	2102.15
16	10492.560370776711	10375.22638932776	124.37678338505573	10623.979956097872	10126.472822557647	2079.65
17	10400.550992355164	10360.057970159547	113.06476776508607	10586.187505689719	10133.928434629375	2067.64
18	10366.76174393474	10353.693758917841	111.23491917221853	10576.163597262279	10131.223920573404	2093.25
19	10410.685804371804	10372.256458491109	111.50658802045936	10595.269634532027	10149.24328245019	2108.57
20	10437.903223397418	10421.69242696717	47.09177560230983	10515.87597817179	10327.50887576255	2108.63
21	10439.937063618834	10411.167765535594	30.113535714962786	10471.394836965519	10350.94069410567	2103.84
22	10370.543315216635	10405.166230107889	35.30169290036958	10475.769615908628	10334.56284430715	2098.04
23	10282.356778736812	10388.285237068305	65.51193640161375	10519.309109871532	10257.261364265078	2093.32
24	10382.754298309674	10382.698935855879	64.30401874340662	10511.306973342691	10254.090898369066	2099.84
25	10374.117329062392	10369.941756988872	56.46332848666993	10482.868413962211	10257.015100015533	2083.56
26	10382.886119453971	10358.5315681559	42.92342419518467	10444.37841654627	10272.684719765532	2077.57
27	10535.03607835164	10391.430120782901	90.78500372554545	10573.000128233993	10209.86011333181	2104.18
28	10424.096961765936	10419.778157388724	67.3047922949626	10554.38774197865	10285.168572798799	2084.07
29	10493.779023595744	10441.983102445938	70.28478568791974	10582.552673821778	10301.413531070099	2086.05
30	10524.647073329144	10472.089051299288	66.05969364941464	10604.208438598118	10339.969664000459	2083.39
31	10602.447570442817	10516.001341497058	64.90428878673332	10645.809919070525	10386.192763923591	2091.54
32	10687.244759723246	10546.44307777138	101.46274852542747	10749.368574822236	10343.517580720525	2102.44
33	10677.029831054802	10597.029651629153	87.27553796953347	10771.58072756822	10422.478575690086	2096.92
34	10651.420207004883	10628.557888310981	66.70001854375033	10761.957925398481	10495.157851223481	2079.61
35	10452.006825658853	10614.029838776925	96.32376268609957	10806.677364149124	10421.382313404727	2035.73
36	10049.200159285609	10503.380356545484	271.4751127341597	11046.330582013803	9960.430131077164	1970.89
37	9618.076438305732	10289.54669226198	451.6989252605889	11192.944542783158	9386.148841740802	1893.21
38	9500.286456594924	10054.198017370003	502.98390113792817	11060.16581964586	9048.230215094147	1867.61
39	9874.327851980288	9898.779546365085	376.4557232176263	10651.690992800339	9145.868099929832	1940.51
40	10158.03726430566	9839.985634094448	278.72305579632075	10397.431745687089	9282.539522501807	1987.66
41	10179.909876060201	9866.127577449366	307.85830102618917	10481.844179501744	9250.410975396988	1988.87
42	10087.862296745388	9960.084749137297	283.9912417645062	10528.06723266631	9392.102265608284	1972.18
43	9785.45767745678	10017.118993309667	177.0732340678922	10371.265461445451	9662.972525173882	1913.85
44	10008.245685334892	10043.902559980586	159.31285982873553	10362.528279638058	9725.276840323115	1948.86
45	9945.081801285582	10001.31146737657	149.32444123359966	10299.96034984377	9702.66258490937	1951.13
46	9814.157562095552	9928.16100458364	128.02870444007712	10184.218413463796	9672.103595703486	1921.22
47	10088.02554558244	9928.193654351053	128.07962373364379	10184.35290181834	9672.034406883766	1969.41
48	9971.377609470886	9965.377640753873	100.2442151932106	10165.866071140295	9764.889210367452	1942.04
49	10066.637737284611	9977.056051143818	109.4641748197161	10195.98440078325	9758.127701504385	1952.29
50	10164.071044764214	10020.853899839543	134.43457489501884	10289.723049629582	9751.984750049505	1961.05
51	10137.490538379123	10085.520495096256	74.60312729935286	10234.726749694963	9936.31424049755	1953.03
52	10195.82534790345	10107.080455560459	89.58129298319196	10286.243041526843	9927.917869594075	1978.09
53	10297.084514354614	10172.221836537205	84.5111154727842	10341.244067482772	10003.199605591637	1995.31
54	10286.735694086998	10216.241427897681	72.18953177582765	10360.620491449337	10071.862364346025	1990.2
55	10228.591290793434	10229.145477103524	66.03694382648595	10361.219364756496	10097.071589450552	1958.03
56	10330.241291678503	10267.695627763402	54.389054855454084	10376.473737474309	10158.917518052494	1966.97
57	10145.634964849463	10257.657551152606	72.5643344658716	10402.78622008435	10112.528882220862	1942.74
58	10238.354459793218	10245.911540240326	69.26508967878185	10384.44171959789	10107.381360882762	1938.76
59	10276.518482766878	10243.868097976301	67.8968071873297	10379.66171235096	10108.074483601642	1932.24
60	10301.872131740089	10258.524266165634	71.58382580955717	10401.691917784749	10115.35661454652	1931.34
61	10012.544785895563	10194.984965009045	117.97598852977809	10430.936942068602	9959.03298794949	1881.77
62	9892.612155828818	10144.380403204917	181.564809584047	10507.510022373011	9781.250784036823	1884.09
63	10124.272417174461	10121.563994681166	173.8054843913814	10469.174963463929	9773.953025898403	1920.03
64	10095.809278620009	10085.422153851792	150.79343018422273	10387.009014220237	9783.835293483347	1923.82
65	10238.584769798836	10072.764681463541	129.19149575968297	10331.147672982906	9814.381689944175	1951.36
66	10404.226496240812	10151.10102353259	188.62618899289063	10528.353401518372	9773.848645546808	1987.05
67	10368.121294607174	10246.202851288263	139.08529021259798	10524.373431713459	9968.032270863067	1979.92
68	10376.58389740631	10296.665147334632	129.20801216100412	10555.08117165664	10038.249123012623	1995.83
69	10346.356866239188	10346.774664858469	63.93396950100325	10474.642603860475	10218.906725856463	2013.43
70	10405.984236180457	10380.254558134791	25.23100027135318	10430.716558677497	10329.792557592085	2014.89
71	10502.5704941308	10399.923357712789	61.23446639066262	10522.392290494114	10277.454424931464	2017.46
72	10457.885788840254	10417.876256559404	62.72036913165872	10543.316994822722	10292.435518296086	2003.69
73	10454.938939638938	10433.547265005931	59.53162991221011	10552.610524830352	10314.48400518151	1994.24
74	10685.835509918368	10501.442993741768	108.59800046624359	10718.638994674255	10284.246992809281	2023.86
75	10683.865931723372	10557.01933285035	118.21189595827498	10793.4431247669	10320.5955409338	2033.11
76	10705.228181143444	10597.550870252879	129.11561528103178	10855.782100814942	10339.319639690815	2033.66
77	10719.3378755031	10649.841287585448	109.92914694855982	10869.699581482568	10429.982993688329	2030.77
78	10629.442672453659	10684.742034148392	34.192605583417006	10753.127245315227	10616.356822981557	2018.94
79	11001.026324097129	10747.780196984144	145.63828790613462	11039.056772796413	10456.503621171874	2052.51
80	11220.570487408464	10855.121108121162	248.33309939171943	11351.787306904602	10358.454909337723	2075.15
81	11138.936944391875	10941.862860770849	258.42803355595754	11458.718927882765	10425.006793658933	2071.18
82	11154.463889367493	11028.888063543729	237.14715516638606	11503.182373876502	10554.593753210956	2065.89
83	11291.135709201426	11161.226670893282	107.94068397488043	11377.108038843044	10945.34530294352	2090.35
84	11340.724269802471	11229.166260034352	86.71946590174718	11402.605191837845	11055.727328230858	2089.41
85	11206.363643518169	11226.324891256294	87.30230265494195	11400.929496566177	11051.72028594641	2079.36
86	11385.087170138208	11275.55493640556	94.78606095707265	11465.127058319706	11085.982814491415	2104.05
87	11366.470596720064	11317.956277876076	71.67781426666816	11461.311906409412	11174.60064934274	2109.79
88	11381.746489129608	11336.078433861712	74.5966180401137	11485.27166994194	11186.885197781485	2102.31
89	11361.415812261128	11340.216742353443	75.48740401350754	11491.191550380458	11189.241934326428	2099.93
90	11263.099652735478	11351.563944196905	50.44797110329088	11452.459886403487	11250.668001990323	2099.2
91	11264.993690023206	11327.545248173903	58.451057712225634	11444.447363598354	11210.643132749452	2078.58
92	11268.553183866374	11307.961765603166	58.55215951299539	11425.066084629158	11190.857446577174	2081.72
93	11331.70273600758	11297.95301497876	45.63987932472558	11389.232773628211	11206.67325632931	2075.0
94	11194.810292257805	11264.631910978098	48.45464139628632	11361.54119377067	11167.722628185526	2045.97
95	10926.748892234826	11197.361758877967	158.84554511634207	11515.05284911065	10879.670668645284	2023.04
96	11043.230252057225	11153.00907128477	166.0378478042922	11485.084766893355	10820.933375676186	2053.19
97	10971.545073480422	11093.60744920758	167.4889881706979	11428.585425548976	10758.629472866185	2050.44
98	11263.94367524395	11080.055637054855	144.58306511708048	11369.221767289016	10790.889506820693	2083.58
99	11330.153039715487	11107.124186546393	179.81490409833327	11466.75399474306	10747.494378349726	2081.24
100	11396.057195592935	11200.985847218015	184.54713431947332	11570.080115856961	10831.891578579069	2089.17
101	11369.99802533957	11266.339401874482	172.15794503871007	11610.655291951902	10922.023511797062	2086.59
102	11310.86691856378	11334.203770891156	51.489253584781906	11437.18227806072	11231.225263721592	2089.14
103	11313.3277443017	11344.080584702704	37.47046546729409	11419.021515637292	11269.139653768116	2088.87
104	11315.376344435977	11341.125245646803	39.377753505579285	11419.880752657962	11262.369738635643	2090.11
105	11254.467990871486	11312.807404702515	40.88058826068879	11394.568581223892	11231.046228181138	2080.41
106	11355.05023067801	11309.817845770203	35.89530585833986	11381.608457486884	11238.027234053523	2102.63
107	11280.519848459273	11303.748431749304	38.16731288214287	11380.08305751359	11227.413805985017	2079.51
108	11107.524518941404	11262.587786677244	94.56220479860262	11451.71219627445	11073.46337708004	2049.62
109	11359.423952861383	11271.397308362324	102.43365559581542	11476.264619553955	11066.529997170694	2091.69
110	11282.763058591006	11277.056321906228	102.04542066035376	11481.147163226935	11072.96548058552	2077.07
111	11281.620234220938	11262.370322614815	92.88764466436034	11448.145611943537	11076.595033286094	2063.59
112	11058.678908895226	11218.002134702005	128.28733800197867	11474.576810705961	10961.427458698048	2047.62
113	11035.505337984912	11203.598298510708	146.5375285628713	11496.67335563645	10910.523241384964	2052.23
114	10780.093320484637	11087.73217203536	208.4724350161636	11504.677042067686	10670.787302003033	2012.37
115	10883.964108214564	11007.972381960071	190.73494777084076	11389.442277501752	10626.50248641839	2021.94
116	10902.435079812218	10932.135351078326	115.12816774950706	11162.39168657734	10701.879015579312	2043.41
117	11071.043820529761	10934.608333405235	118.60616835758395	11171.820670120402	10697.395996690067	2073.07
118	10931.451079983815	10913.797481805013	104.80219187145984	11123.401865547932	10704.193098062095	2041.89
119	10845.339748356984	10926.846767379484	86.44685785019568	11099.740483079875	10753.953051679093	2005.55
120	10918.371798180342	10933.728305372637	83.49904452867214	11100.726394429981	10766.730216315293	2021.15
121	11017.11274319981	10956.663838050154	88.36269993410727	11133.389237918369	10779.938438181938	2038.97
122	11068.389639402109	10956.133001824624	87.50761726671233	11131.148236358049	10781.1177672912	2064.29
123	11063.476195458172	10982.538024919495	97.54174753571522	11177.621519990926	10787.454529848064	2060.99
124	11161.327192059993	11045.735513660096	88.36028000291549	11222.456073665928	10869.014953654265	2056.5
125	11334.528768641045	11128.966907752238	126.2664440952828	11381.499795942804	10876.434019561671	2078.36
126	11227.414232612051	11171.027205634686	114.1359255147213	11399.299056664127	10942.755354605244	2063.36
127	11069.65896479264	11171.281070712792	113.85162052457038	11398.984311761933	10943.57782966365	2043.94
128	10765.892819244344	11111.764395470029	216.1338336103865	11544.032062690801	10679.496728249256	2012.66
129	10743.228229746215	11028.144603007273	267.04701005042676	11562.238623108127	10494.050582906419	2016.71
130	10699.572966190011	10901.153442517065	233.83258523134077	11368.818612979747	10433.488272054383	1990.26
131	10482.814439085732	10752.233483811802	209.99188067547328	11172.217245162748	10332.249722460856	1943.09
132	10388.005231091482	10615.902737071572	169.82290876711411	10955.5485546058	10276.256919537343	1922.03
133	10510.768142439163	10564.877801710536	150.74632621047408	10866.370454131484	10263.385149289588	1923.67
134	10514.832235866645	10519.198602934623	113.09349775726048	10745.385598449144	10293.011607420101	1938.68
135	10125.231361403708	10404.330281977362	164.21188874579755	10732.754059468956	10075.906504485767	1890.28
136	10327.105186906329	10373.18843154148	160.32549373907023	10693.839419019621	10052.53744406334	1921.84
137	10058.842332957069	10307.355851914599	211.97956576954425	10731.314983453687	9883.396720375511	1880.33
138	10119.242847004107	10229.050792827587	189.13809538420833	10607.326983596004	9850.774602059171	1881.33
139	9976.972834983857	10121.47891265103	129.52470143163728	10380.528315514304	9862.429509787755	1859.33
140	9981.65829408176	10092.76429918664	143.63118785383767	10380.026674894314	9805.501923478965	1868.99
141	10357.352075798744	10098.813676965121	156.06708294429848	10410.947842853719	9786.679511076523	1906.9
142	10234.447027158101	10133.934615805329	164.3616691420568	10462.657954089442	9805.211277521215	1877.08
143	10440.39641358062	10198.165329120631	212.7992574545661	10623.763844029763	9772.5668142115	1903.63
144	10220.186922405092	10246.808146604879	173.8262843596885	10594.460715324256	9899.155577885502	1882.95
145	10566.466241432316	10363.76973607499	145.20596989794484	10654.18167587088	10073.3577962791	1893.36
146	10592.909772077091	10410.88127533066	177.27491281654426	10765.431100963748	10056.33144969757	1940.24
147	10520.819924239282	10468.155854746894	150.2174708677153	10768.590796482324	10167.720913011464	1939.38
148	10375.009769695991	10455.078525969968	155.9740989413915	10767.02672385275	10143.130328087185	1903.03
149	10328.353483592084	10476.711838207368	118.17026710526038	10713.05237241789	10240.371303996846	1912.53
150	10352.871600006807	10433.992909922266	116.20334078789534	10666.399591498057	10201.586228346476	1915.45
151	10153.359845985487	10346.082924703946	131.21774425838063	10608.518413220707	10083.647436187184	1880.05
152	10154.800076005062	10272.878955057102	109.69775404774767	10492.274463152597	10053.483446961607	1853.44
153	10138.8089525483	10225.638791627563	105.49915407496061	10436.637099777485	10014.640483477642	1852.21
154	10133.037543505887	10186.575603610323	93.42818894757502	10373.431981505473	9999.719225715173	1851.86
155	10138.833666089233	10143.768016826809	9.718445216607222	10163.204907260024	10124.331126393594	1829.08
156	10272.81284467066	10167.658616563844	59.33918043203415	10286.336977427913	10048.980255699775	1864.78
157	10414.177369579176	10219.534075278667	123.72892828271709	10466.9919318441	9972.076218713233	1895.58
158	10629.531956269151	10317.678676022837	208.9589041394693	10735.596484301775	9899.760867743898	1926.82
159	10593.017685043691	10409.674704330397	208.60139646363112	10826.87749725766	9992.471911403134	1917.83
160	10625.58830608222	10507.025632328996	158.06325469671998	10823.152141722436	10190.899122935556	1917.78
161	10853.731125127586	10623.209288420381	156.35842562964416	10935.92613967967	10310.492437161092	1945.5
162	10728.657565701638	10686.105327644873	106.58009476215778	10899.265517169188	10472.945138120558	1921.27
163	10822.47700183908	10724.694336758857	115.52964495073323	10955.753626660324	10493.635046857391	1929.8
164	10896.888663777878	10785.468532505696	108.66580275899067	11002.800138023678	10568.136926987714	1951.7
165	10856.664473827685	10831.683766054786	63.36592727276512	10958.415620600317	10704.951911509255	1948.05
166	10819.82618804836	10824.902778638943	62.22051534456392	10949.343809328071	10700.461747949816	1932.23
167	11095.485291221934	10898.268323743003	114.59145821055534	11127.451240164113	10669.085407321892	1978.35
168	11169.249864858786	10967.622896346946	155.04934426132223	11277.72158486959	10657.5242078243	1986.45
169	11280.766286400582	11044.398420871486	199.8400872388582	11444.078595349203	10644.71824639377	1993.4
170	11274.280615322017	11127.921649170352	188.72293315597548	11505.367515482303	10750.4757828584	1999.99
171	11184.067442959646	11200.769900152609	77.71837079542479	11356.206641743458	11045.33315856176	2001.76
172	11165.529368219206	11214.778715552064	57.741649407441	11330.262014366946	11099.29541673718	1979.26
173	11192.77965382787	11219.48467334588	53.93687185654274	11327.358417058966	11111.610929632794	1989.26
174	11229.529024216941	11209.23722090915	43.17738430386427	11295.591989516879	11122.882452301421	1989.57
175	11371.958120661091	11228.772721976964	83.36128464517944	11395.495291267323	11062.050152686605	2022.19
176	11406.713434468156	11273.301920278665	109.02580290197544	11491.353526082616	11055.250314474715	2019.64
177	11485.017511569951	11337.199548948814	122.82155415862637	11582.842657266066	11091.556440631563	2015.93
178	11528.578613920468	11404.359340967332	115.71213068062477	11635.783602328582	11172.935079606083	2027.22
179	11403.99161829214	11439.251859782371	65.00816288213261	11569.268185546636	11309.235534018106	2040.59
180	11290.35108495868	11422.93045264189	91.12532130009608	11605.181095242082	11240.679810041696	2049.58
181	11296.936340333037	11400.975033814864	107.72258271467228	11616.420199244209	11185.52986838552	2051.6
182	11416.041970094153	11387.179925519706	98.27126836483016	11583.722462249367	11190.637388790044	2049.8
183	11419.927520434794	11365.44970682257	65.85357357855949	11497.15685397969	11233.74255966545	2036.71
184	11421.63516581952	11368.978416328046	68.84010553697428	11506.658627401994	11231.298205254097	2035.94
185	11419.30796859266	11394.769793054842	54.728127016512	11504.226047087866	11285.313539021818	2037.05
186	11663.792890364874	11468.14110306121	109.39146253423256	11686.924028129675	11249.358177992746	2055.01
187	11698.627787603804	11524.65826656314	143.4440758148631	11811.546418192866	11237.770114933413	2063.95
188	11736.348661928074	11587.942494861796	155.01986815720576	11897.982231176207	11277.902758547385	2059.74
189	11764.219407502314	11656.459343198356	137.9014755187029	11932.262294235761	11380.65639216095	2072.78
190	11691.318603251271	11710.861470130078	39.50855686284782	11789.878583855772	11631.844356404383	2066.13
191	11586.102878551212	11695.323467767346	67.7971453050284	11830.917758377404	11559.729177157289	2045.17
192	11667.165677207582	11689.031045688102	68.86541477322406	11826.76187523455	11551.300216141653	2066.66
193	11538.68132328463	11649.497577959413	88.77131895274084	11827.040215864896	11471.95494005393	2041.91
194	11551.463571271664	11606.946410713284	68.77126470767546	11744.488940128635	11469.403881297934	2047.6
195	11648.462898900452	11598.37526984312	57.34888193465139	11713.073033712422	11483.677505973817	2041.99
196	11670.12767903418	11615.180229939713	64.69416560649117	11744.568561152695	11485.791898726731	2061.72
197	11795.654181738997	11640.877930845998	104.05268094233726	11848.983292730672	11432.772568961323	2082.42
198	11787.521066490117	11690.645879487094	102.44957383993115	11895.545027166956	11485.746731807232	2082.78
199	11819.33821385421	11744.220808003603	78.7754687337382	11901.77174547108	11586.669870536127	2080.73
200	11819.81154736078	11778.490537695669	62.238671161520706	11902.96788001871	11654.013195372627	2094.34
201	11821.448981912881	11808.754798271408	15.952274156878786	11840.659346585166	11776.85024995765	2100.8
202	11809.471927739178	11811.518347471447	14.21796665617613	11839.954280783799	11783.082414159095	2102.4
203	11752.602170564605	11804.534568286344	29.410809456869647	11863.356187200085	11745.712949372604	2091.48
204	11699.267557242674	11780.520436964038	53.47566275365963	11887.471762471358	11673.569111456718	2091.58
205	11730.334856137766	11762.625098719436	51.99079615659547	11866.606691032626	11658.643506406246	2087.79
206	11714.655899109788	11741.266482158817	42.9302163699953	11827.126914898807	11655.406049418827	2091.7
207	11544.977594991597	11688.3676156093	82.5498454233859	11853.467306456072	11523.26792476253	2095.15
208	11406.64061503143	11619.175304502667	140.14639947265334	11899.468103447974	11338.88250555736	2075.81
209	11679.853446985395	11615.292482451212	137.61880288623522	11890.530088223682	11340.054876678741	2065.3
210	11880.345449324628	11645.294601088584	179.07640235572484	12003.447405800034	11287.141796377135	2081.43
211	11763.197666652548	11655.002954597137	184.99480674443205	12024.992568086001	11285.013341108273	2063.37
212	11748.460917415845	11695.699619081986	176.9463426060159	12049.592304294018	11341.806933869955	2051.12
213	11729.907980489905	11760.353092173682	74.08572551447016	11908.524543202622	11612.181641144742	2050.63
214	11870.064170406162	11798.395236857836	71.19529979337659	11940.78583644459	11656.004637271082	2057.14
215	11858.951247113833	11794.116396415677	65.44985394903249	11925.016104313741	11663.216688517612	2058.69
216	12034.876286016015	11848.452120288372	121.8423527290145	12092.1368257464	11604.767414830343	2084.39
217	12043.753283003854	11907.510593405972	132.36976896689254	12172.250131339757	11642.771055472187	2064.46
218	12048.804073863068	11971.289812080606	97.68474647653747	12166.659305033681	11775.92031912753	2064.11
219	11961.065410075811	11989.490060014536	81.19559950578709	12151.88125902611	11827.098861002962	2046.61
220	12046.544784196765	12027.008767431122	37.240751749112505	12101.490270929347	11952.527263932896	2066.66
221	11841.25878762241	11988.285267752402	90.12644503246392	12168.538157817331	11808.032377687474	2047.21
222	11836.955054709206	11946.925622093471	104.59700712179792	12156.119636337067	11737.731607849875	2047.63
223	11863.470423955363	11909.858892111932	91.48493646363049	12092.828765039192	11726.889019184671	2040.04
224	11951.458929530709	11907.93759600291	90.23299443189188	12088.403584866694	11727.471607139127	2052.32
225	11927.09847309658	11884.048333782872	52.128867917595585	11988.306069618064	11779.79059794768	2048.04
226	12105.487028779524	11936.893982014293	105.01251494190932	12146.919011898111	11726.868952130475	2076.06
227	12186.537553745648	12006.81048182158	134.16692230864714	12275.144326438874	11738.476637204285	2090.54
228	12216.007678278518	12077.317932686212	132.6307315880492	12342.57939586231	11812.056469510113	2090.1
229	12231.540638746259	12133.334274529323	125.1185892144964	12383.571452958317	11883.09709610033	2099.06
230	12319.681221428007	12211.850824195608	77.4376869432562	12366.72619808212	12056.975450309095	2096.96
231	12253.651127067613	12241.483643853227	50.074618763069026	12341.632881379366	12141.334406327089	2099.33
232	12271.445842996678	12258.465301703432	40.20773190496272	12338.880765513359	12178.049837893506	2105.26
233	12350.40160262696	12285.34408657312	48.74406394635893	12382.83221446584	12187.855958680402	2099.13
234	12395.350597574461	12318.106078338762	57.7577181474602	12433.621514633682	12202.590642043842	2109.41
235	12363.840843685815	12326.938002790324	61.3249322470397	12449.587867284405	12204.288138296244	2112.13
236	12472.560103859394	12370.719798148679	72.96161902500019	12516.643036198679	12224.796560098679	2119.12
237	12542.809640054356	12424.992557560216	81.12571239733025	12587.243982354876	12262.741132765555	2115.48
238	12431.934258789652	12441.299088792755	69.78607794864341	12580.871244690043	12301.726932895468	2096.07
239	12356.27336573344	12433.48364242455	77.93120432257048	12589.346051069691	12277.621233779408	2079.06
240	12335.939291005834	12427.903331888554	84.85601360217014	12597.615359092893	12258.191304684215	2075.32
241	12352.25268810495	12403.841848737666	86.07582404879479	12575.993496835255	12231.690200640076	2071.5
242	12351.793343123056	12365.638589351405	37.86734977956658	12441.373288910538	12289.903889792273	2077.99
243	12206.053407000902	12320.462418993655	64.42753199509664	12449.317482983848	12191.607355003462	2071.22
244	12205.51209873889	12290.310165594747	77.44189404163298	12445.193953678012	12135.426377511481	2083.25
245	12218.841608897395	12266.890629173058	77.8979330447919	12422.686495262642	12111.094763083474	2088.9
246	12177.9633570072	12232.03276295351	68.59004361688059	12369.21285018727	12094.852675719749	2085.45
247	12360.306399120484	12233.735374152997	72.3108067337287	12378.356987620455	12089.11376068554	2113.32
248	12105.559873089385	12213.636667370694	92.94929905305605	12399.535265476807	12027.738069264582	2037.41
249	11942.47633772824	12161.029515168564	153.44595320508046	12467.921421578725	11854.137608758403	2000.54
250	12147.088281948065	12146.678849778698	150.0042116382039	12446.687273055106	11846.67042650229	2036.09
251	12341.375493665644	12179.361277110385	174.35051728031988	12528.062311671025	11830.660242549746	2070.77
252	12465.707787184485	12200.441554723186	205.3190855929314	12611.079725909049	11789.803383537323	2098.86
253	12577.843356852856	12294.898251475879	253.6941842892793	12802.286620054438	11787.50988289732	2102.95
254	12561.203176394087	12418.643619209051	178.60255047024404	12775.848720149539	12061.438518268564	2088.55
255	12707.180093518018	12530.661981523042	136.35057065531504	12803.363122833673	12257.960840212412	2099.73
256	12708.83147267866	12604.153177325647	104.01457381411008	12812.182324953867	12396.124029697427	2097.9
257	12894.91682292583	12689.994984473917	133.98546426937594	12957.96591301267	12422.024055935164	2129.9
258	13010.202161927684	12776.46674548888	176.33507889219158	13129.136903273264	12423.796587704497	2137.16
259	12995.67979102241	12863.362068414546	148.60872250020367	13160.579513414954	12566.144623414139	2152.14
260	12977.103005212826	12917.346650753509	124.81058186527991	13166.96781448407	12667.725487022948	2152.43
261	13006.196230637337	12976.819602345242	47.54270155608086	13071.905005457404	12881.73419923308	2163.75
262	12967.608334823395	12991.357904724755	18.447255062413355	13028.252414849581	12954.463394599929	2161.74
263	13019.596303758022	12993.236733090824	21.129695026418283	13035.496123143661	12950.977343037986	2166.89
264	13052.418790668864	13004.584533020115	34.05341626980765	13072.691365559731	12936.4777004805	2163.78
265	13001.304909366823	13009.424913850915	30.72830847252106	13070.881530795958	12947.968296905872	2173.02
266	12994.62874448718	13007.111416620883	31.458928191010635	13070.029273002903	12944.193560238862	2165.17
267	13046.383445333104	13022.866438722824	25.977643331458562	13074.82172538574	12970.911152059907	2175.03
268	13004.454592558079	13019.838096482834	27.30292944501763	13074.44395537287	12965.232237592798	2168.48
269	13003.356055809114	13010.025549510883	20.679249659125414	13051.384048829133	12968.667050192633	2169.18
270	13297.479995607337	13069.260566758987	129.15165324151118	13327.563873242008	12810.957260275965	2166.58
271	13427.328517469408	13155.800521355432	194.8829955785466	13545.566512512525	12766.034530198338	2170.06
272	13507.058829847449	13247.935598258298	234.9912065602732	13717.918011378844	12777.953185137752	2173.6
273	13665.495397503953	13380.143759247474	249.2797952558741	13878.703349759222	12881.584168735726	2170.84
274	13545.50551288913	13488.573650663477	137.06932063187787	13762.712291927233	13214.43500939972	2157.03
275	13555.103260347783	13540.098303611565	86.29520451462271	13712.688712640811	13367.507894582319	2163.79
276	13582.595127519882	13571.151625621662	59.27659872438211	13689.704823070426	13452.598428172898	2164.25
277	13596.222727484736	13588.98440514912	47.3959232831026	13683.776251715326	13494.192558582914	2182.87
278	13589.292608361566	13573.743847320642	22.193941734787707	13618.131730790217	13529.355963851067	2180.89
279	13592.768435317956	13583.196431806407	16.492868524084688	13616.182168854577	13550.210694758238	2181.74
280	13590.632021953377	13590.302184127528	5.041378447366288	13600.384941022261	13580.219427232794	2175.49
281	13548.976145033177	13583.578387630183	19.51959000326349	13622.61756763671	13544.539207623657	2185.79
282	13551.551368245171	13574.64411578227	22.30920297011688	13619.262521722503	13530.025709842037	2184.05
283	13543.114755194116	13565.40854514878	24.206639421167917	13613.821823991117	13516.995266306445	2190.15
284	13449.625849283992	13536.78002794199	52.20860717498436	13641.197242291959	13432.36281359202	2178.15
285	13516.98437900742	13522.050499352797	42.749239899797296	13607.548979152392	13436.552019553203	2182.22
286	13544.898106581748	13521.234891662514	42.14168580308036	13605.518263268676	13436.951520056353	2187.02
287	13487.463376980308	13508.41729340954	40.32263339604737	13589.062560201635	13427.772026617446	2183.87
288	13484.802199776577	13496.754782326034	35.97689197631254	13568.70856627866	13424.800998373408	2182.64
289	13512.633670817504	13509.356346632738	24.568031465040814	13558.49240956282	13460.220283702656	2186.9
290	13336.403381533435	13473.240147137942	80.22935031714944	13633.69884777224	13312.781446503643	2175.44
291	13352.551683874628	13434.770862596517	83.33427769651225	13601.43941798954	13268.102307203493	2172.47
292	13370.199051533762	13411.317997507209	81.27305928802646	13573.864116083261	13248.771878931157	2169.04
293	13441.759923126943	13402.709542177283	73.44640222735894	13549.602346632	13255.816737722565	2180.38
294	13355.323301731485	13371.247468360078	41.20172108795507	13453.650910535987	13288.844026184168	2176.12
295	13359.504795443809	13375.86775114215	37.441194552072226	13450.750140246295	13300.985362038005	2170.95
296	13442.345362206144	13393.826486808455	44.35770802307733	13482.54190285461	13305.111070762301	2170.86
297	13519.530050758829	13423.692686653467	68.28910211466555	13560.270890882797	13287.114482424136	2179.98
298	13690.659980307022	13473.472698089483	138.93205985714113	13751.336817803765	13195.6085783752	2186.48
299	13639.77653760527	13530.363345264243	136.67793121306516	13803.719207690372	13257.007482838113	2186.16
300	13513.620598455134	13561.186505866508	101.31728245856269	13763.821070783633	13358.551940949383	2181.3
301	13133.805576884837	13499.478548802246	218.26168245058412	13936.001913703414	13062.955183901078	2127.81
302	13329.662159353438	13461.504970521168	230.09684279776235	13921.698656116692	13001.311284925643	2159.04
303	13228.038082217989	13368.98059090336	206.74210599662123	13782.464802896602	12955.496378910118	2127.02
304	13303.56564394683	13301.738412171671	140.81043205305124	13583.359276277773	13020.11754806557	2125.77
305	13504.035249428467	13299.82134236634	137.22416406788284	13574.269670502106	13025.373014230574	2147.26
306	13534.627221255074	13379.985671240385	133.00644069905005	13645.998552638486	13113.972789842284	2139.16
307	13543.831244841609	13422.81948833802	146.5452914409451	13715.91007121991	13129.72890545613	2139.12
308	13564.46460220564	13490.10479233555	106.52355516075649	13703.151902657064	13277.057682014038	2139.76
309	13841.02910151014	13597.597483848213	137.81028123953476	13873.218046327282	13321.976921369143	2163.12
310	13927.6040406945	13682.311242101418	187.23983692468005	14056.790915950778	13307.831568252057	2177.18
311	13774.721950719808	13730.330187994365	169.87870625611177	14070.087600506587	13390.572775482142	2164.69
312	13679.571029830457	13757.478144992134	141.0183302372968	14039.514805466728	13475.44148451754	2146.1
313	13708.398660331535	13786.264956617315	100.69240704927888	13987.649770715872	13584.880142518758	2159.93
314	13800.555540240306	13778.17024436335	96.73847571103559	13971.647195785421	13584.693292941278	2171.37
315	13682.887823248177	13729.227000874085	55.23677579959665	13839.700552473278	13618.753449274893	2151.13
316	13728.24507246823	13719.931625223771	49.25332293983575	13818.438271103443	13621.4249793441	2168.27
317	13633.715358371579	13710.760490931996	61.41514017507398	13833.590771282144	13587.930210581848	2161.2
318	13466.843701100985	13662.449499085884	125.40667867261088	13913.262856431105	13411.636141740662	2150.49
319	13544.718360431963	13611.282063124212	105.59847313491866	13822.47900939405	13400.085116854374	2159.73
320	13519.342467762483	13578.572992027073	103.17489734166381	13784.9227867104	13372.223197343747	2160.77
321	13502.716616306292	13533.467300794688	62.76957649209082	13659.00645377887	13407.928147810506	2153.74
322	13536.749465759858	13514.07412227234	30.986697246155174	13576.047516764651	13452.10072778003	2163.66
323	13413.01081453307	13503.30754495876	53.01930114785388	13609.346147254468	13397.268942663051	2136.73
324	13516.157400447062	13497.59535296178	48.81419526553703	13595.223743492854	13399.966962430706	2139.18
325	13528.605868934617	13499.448033196208	50.007138530863934	13599.462310257935	13399.43375613448	2132.55
326	13508.656451396726	13500.636000214296	50.17447214024356	13600.984944494783	13400.287055933808	2132.98
327	13413.020736891993	13475.890254440723	57.8368457863854	13591.563946013493	13360.216562867952	2126.5
328	13471.763821326273	13487.640855799362	46.77933103352617	13581.199517866415	13394.082193732309	2139.6
329	13485.32361034518	13481.474097778986	44.03196291677153	13569.53802361253	13393.410171945443	2144.29
330	13401.459036570692	13456.044731306203	46.644929534382776	13549.334590374969	13362.754872237438	2141.34
331	13431.69339200445	13440.652119427748	36.54904218227141	13513.750203792291	13367.554035063205	2141.16
332	13555.412958733006	13469.13056379595	58.5123446522667	13586.155253100484	13352.105874491417	2151.33
333	13597.457160210432	13494.269231572782	82.15198737852849	13658.573206329838	13329.965256815725	2143.16
334	13359.54850844031	13469.114211191807	102.34936488726969	13673.812940966347	13264.415481417267	2139.43
335	13240.483373720383	13436.919078621746	145.2702433011911	13727.459565224128	13146.378592019364	2133.04
336	12983.592821821203	13347.298964585096	249.86613288897863	13847.031230363053	12847.566698807139	2126.41
337	13123.513804424829	13260.91913372346	234.09043386524365	13729.100001453948	12792.738265992974	2126.15
338	13015.860052454767	13144.599712172329	156.79476697213593	13458.1892461166	12831.010178228056	2111.72
339	12891.325010627654	13050.955012609797	134.57046150999645	13320.09593562979	12781.814089589803	2097.94
340	12992.326113169867	13001.323560499695	83.12156674942946	13167.566693998555	12835.080427000836	2088.66
341	12957.239892935006	12996.052974722455	85.33298704957265	13166.7189488216	12825.38700062331	2085.18
342	13227.25951488139	13016.802116813767	126.67324237130661	13270.14860155638	12763.455632071154	2131.52
343	13250.474823609144	13063.725071044642	164.14754763513528	13392.020166314913	12735.429975774372	2139.56
344	13227.116195538472	13130.883308026805	143.35393641033974	13417.591180847485	12844.175435206125	2163.26
345	12881.83467711636	13108.785020816105	175.0620298357561	13458.909080487618	12758.660961144593	2167.48
346	12716.55582229344	13060.64820668779	245.90593281677604	13552.460072321343	12568.836341054239	2164.45
347	12480.245521632254	12911.245408037965	331.42905679707087	13574.103521632107	12248.387294443823	2164.2
348	12722.79357767896	12805.709158851929	275.7394038186912	13357.187966489311	12254.230351214546	2180.39
349	12802.487270230797	12720.783373790391	150.41062165691415	13021.60461710422	12419.962130476562	2176.94
350	12842.000629491544	12712.81656426543	140.4743490246214	12993.765262314671	12431.867866216187	2187.12
351	12935.290766581365	12756.563553123015	172.36876486951314	13101.30108286204	12411.826023383988	2181.9
352	13141.932625465657	12888.900973889695	160.80707938865368	13210.515132667002	12567.286815112388	2198.18
353	13161.970220435991	12976.7363024411	167.20914205782455	13311.15458655675	12642.318018325452	2202.94
354	13053.927114017952	13027.024271198532	136.73595531881827	13300.496181836168	12753.552360560896	2204.72
355	13101.516847930025	13078.927514886229	90.3224063824701	13259.572327651169	12898.282702121289	2213.35
356	13026.137313714193	13097.096824312792	57.308854529395816	13211.714533371583	12982.479115254	2201.72
357	13044.914515746013	13077.693202368864	54.697945047100234	13187.089092463064	12968.297312274664	2204.66
358	12830.62576092127	13011.42431046592	104.82048398145726	13221.065278428834	12801.783342503006	2198.81
359	12706.136534646905	12941.866194591712	166.69719237534278	13275.260579342397	12608.471809841027	2191.08
360	12781.078936468784	12877.778612299462	150.81440251702665	13179.407417333516	12576.149807265409	2191.95
361	12949.82470722383	12862.51609100139	135.08844209700166	13132.692975195392	12592.339206807386	2204.71
362	13072.549919938236	12868.043171839832	144.6442442584225	13157.331660356676	12578.754683322988	2212.23
363	13206.150537779893	12943.148127211556	205.183202434145	13353.514532079846	12532.781722343267	2241.35
364	13239.643664024254	13049.849553087026	189.2153027407489	13428.280158568523	12671.418947605529	2246.19
365	13325.314189025024	13158.696603598273	147.99868448338654	13454.693972565046	12862.6992346315	2259.53
366	13268.472972004389	13222.426256554385	94.51254026731695	13411.451337089018	13033.401176019752	2256.96
367	13480.057223255777	13303.927717217894	107.73676176884551	13519.401240755584	13088.454193680203	2271.72
368	13346.441300353124	13331.98586973254	93.19276751072061	13518.371404753982	13145.600334711098	2253.28
369	13290.84424521913	13342.225985971518	82.73575115212473	13507.697488275768	13176.754483667268	2262.03
370	13222.214349475387	13321.60601806159	99.21149972445826	13520.029017510506	13123.183018612674	2258.07
371	13271.32174111583	13322.175771883878	98.83755806607147	13519.85088801602	13124.500655751735	2262.53
372	13316.231466884226	13289.41062060957	46.94799762059131	13383.306615850752	13195.514625368387	2270.76
373	13282.36252598684	13276.594865736313	34.61364349237365	13345.82215272106	13207.367578751566	2265.18
374	13218.407834158972	13262.107583524281	41.61038440685216	13345.328352337985	13178.886814710577	2260.96
375	13194.221356789623	13256.50898498713	49.46221914610682	13355.433423279343	13157.584546694916	2263.79
376	13316.620614475469	13265.568759659058	56.50140963179327	13378.571578922645	13152.56594039547	2268.88
377	13298.59362686242	13262.041191654696	52.98903290258912	13368.019257459875	13156.063125849518	2249.92
378	13302.268736913218	13266.022433839971	55.5819164693134	13377.186266778597	13154.858600901345	2249.26
379	13139.616352646884	13250.264137537553	78.78312874854181	13407.830395034636	13092.69788004047	2238.83
380	13151.599068227712	13241.739679825168	88.11611122992429	13417.971902285017	13065.50745736532	2257.83
381	13254.410635473609	13229.297684024797	78.79907784770091	13386.895839720199	13071.699528329396	2270.75
382	13431.48513245187	13255.875985142688	119.77372920921891	13495.423443561125	13016.32852672425	2269.0
383	13590.525035445233	13313.52724484909	194.03759014533563	13701.602425139761	12925.45206455842	2276.98
384	13552.79947788515	13396.163869896744	189.3835325713643	13774.930935039472	13017.396804754015	2268.9
385	13525.461950862316	13470.936446423666	134.55096632918227	13740.03837908203	13201.834513765301	2268.9
386	13594.898139806655	13539.033947290274	66.54430226906672	13672.122551828408	13405.94534275214	2275.32
387	13648.014550827205	13582.339830965342	46.49086799486383	13675.32156695507	13489.358094975614	2270.44
388	13693.611919862416	13602.95720784878	68.61978992070264	13740.196787690185	13465.717628007375	2274.64
389	13660.034955238265	13624.404303319403	65.72078082003294	13755.845864959469	13492.962741679337	2267.89
390	13653.4380856213	13649.9995302712	35.548126947256094	13721.095784165711	13578.903276376688	2271.89
391	13647.893199191118	13660.598542148093	19.113185589392494	13698.824913326878	13622.372170969307	2263.69
392	13679.556435484004	13666.90691907945	19.126697559512234	13705.160314198476	13628.653523960425	2271.31
393	13742.228138391189	13676.630162785204	38.57053249929931	13753.771227783804	13599.489097786605	2265.2
394	13823.429008280636	13709.30897339368	73.9691163940673	13857.247206181813	13561.370740605546	2280.07
395	13973.66714600182	13773.354785469786	130.51827249690905	14034.391330463604	13512.318240475968	2298.37
396	13984.668961007168	13840.709937832993	136.3539202081018	14113.417778249197	13568.00209741679	2296.68
397	13943.901099917246	13893.578870719643	106.15073070236059	14105.880332124363	13681.277409314922	2294.69
398	13880.744502197687	13921.282143480941	67.99307086967798	14057.268285220298	13785.296001741584	2280.9
399	14054.55172349901	13967.506686524615	63.23415559817455	14093.974997720965	13841.038375328266	2278.87
400	14242.613485398415	14021.295954403933	138.90068985387902	14299.097334111691	13743.494574696175	2279.55
401	14278.62756181176	14080.087674564853	176.6134863876254	14433.314647340103	13726.860701789603	2280.85
402	14082.610852442413	14107.829625069886	159.98499813983705	14427.79962134956	13787.859628790211	2297.42
403	14083.52450497665	14148.385625625679	103.89891535368622	14356.18345633305	13940.587794918307	2292.56
404	14107.763437565269	14159.02796843893	94.15280415157383	14347.333576742078	13970.722360135782	2293.08
405	14110.299859954888	14132.565243350226	82.68239373326855	14297.930030816762	13967.200455883689	2294.67
406	14118.133562448513	14100.466443477573	16.339528044025005	14133.145499565624	14067.787387389522	2307.87
407	14219.982818210288	14127.94083663115	53.054337732808676	14234.049512096768	14021.832161165534	2316.1
408	14366.881198766656	14184.612175389153	112.16119423153245	14408.934563852217	13960.289786926089	2328.25
409	14412.442542191953	14245.54799631449	139.42346479247337	14524.394925899436	13966.701066729544	2337.58
410	14481.376207987983	14319.763265921109	147.93492315663937	14615.633112234387	14023.89341960783	2349.25
411	14501.026618632754	14396.341877157956	112.27133781210047	14620.884552782158	14171.799201533755	2347.22
412	14507.662672008792	14453.877847917658	61.55744311923199	14576.992734156122	14330.762961679195	2351.16
413	14613.104248279493	14503.122457820224	72.14004920974567	14647.402556239715	14358.842359400733	2365.38
414	14564.142775637783	14533.462504509389	54.11743416555795	14641.697372840505	14425.227636178273	2362.82
415	14555.63917521576	14548.315097954945	45.80014055837879	14639.915379071703	14456.714816838186	2363.81
416	14550.819005372376	14558.273575302872	37.632513937344704	14633.538603177562	14483.008547428182	2367.34
417	14501.440919223465	14557.029224745804	39.76672492244669	14636.562674590697	14477.49577490091	2369.75
418	14480.754350763269	14530.559245242559	37.06655738821451	14604.692360018988	14456.42613046613	2363.64
419	14644.230084870198	14546.576707089043	63.257666638697366	14673.092040366439	14420.061373811648	2395.96
420	14517.5558475551	14538.96004155691	64.17971553513998	14667.319472627189	14410.60061048663	2381.92
421	14540.647204164648	14536.925681315362	63.87030204173826	14664.666285398838	14409.185077231887	2383.12
422	14487.35171985589	14534.107841441848	66.09911144999073	14666.30606434183	14401.909618541866	2375.31
423	14442.477718253873	14526.452514939967	75.38705878085459	14677.226632501675	14375.678397378259	2368.39
424	14430.623566494285	14483.731211264783	47.220008919665254	14578.171229104113	14389.291193425453	2362.98
425	14450.285629800786	14470.27716771392	44.68881691608556	14559.654801546092	14380.89953388175	2364.87
426	14480.614529377766	14458.270632756545	24.609429275745853	14507.489491308037	14409.051774205052	2372.6
427	14482.953892516492	14457.391067288667	23.35691303205204	14504.10489335277	14410.677241224563	2373.47
428	14431.339018407849	14455.163327319464	25.562025986555845	14506.287379292575	14404.039275346353	2365.45
429	14567.6498492758	14482.568583875767	52.224146752372796	14587.016877380513	14378.120290371022	2385.26
430	14582.227540313146	14508.95696597824	63.86984996951763	14636.696665917274	14381.217266039204	2381.38
431	14545.445668224349	14521.923193747556	63.25533042132635	14648.433854590208	14395.412532904904	2378.25
432	14586.18961999257	14542.570339242771	64.19694565401633	14670.964230550804	14414.176447934738	2373.47
433	14447.709489885416	14545.844433538285	57.13485552632965	14660.114144590943	14431.574722485626	2344.02
434	14529.493040840749	14538.213071851274	56.031844396129365	14650.276760643534	14426.149383059015	2348.45
435	14500.276726230708	14521.822909034785	51.761414308894906	14625.345737652575	14418.300080416995	2345.96
436	14498.803979674667	14512.494571324849	50.63033423756266	14613.755239799973	14411.233902849724	2343.98
437	14475.149714329988	14490.286590192332	30.62445508061137	14551.535500353555	14429.03768003111	2341.59
438	14581.140081343978	14516.972708484047	40.7192578286046	14598.411224141257	14435.534192826837	2358.57
439	14687.405494814562	14548.55519927881	87.37210530615252	14723.299409891115	14373.810988666504	2361.13
440	14731.914082990625	14594.882670630794	113.0199489132119	14820.922568457217	14368.84277280437	2368.06
441	14811.72475050316	14657.466824796493	131.62401603977722	14920.714856876048	14394.218792716938	2362.72
442	14804.575754868536	14723.352032904202	94.86402333721045	14913.080079578624	14533.62398622978	2358.84
443	14927.169909551638	14792.557998545733	91.33303204145133	14975.224062628637	14609.89193446283	2360.16
444	14938.94827273964	14842.866554130747	88.15497785142641	15019.1765098336	14666.556598427895	2352.95
445	14896.20389266613	14875.72451606585	63.68161625863896	15003.087748583128	14748.361283548571	2357.49
446	14875.941685578604	14888.56790308094	53.15239227371867	14994.872687628378	14782.263118533503	2355.54
447	14947.495752429033	14917.151902593041	30.138399694614034	14977.42870198227	14856.875103203813	2357.16
448	14920.296830031792	14915.77728668907	29.72109858906576	14975.219483867202	14856.335089510938	2353.78
449	14868.052720489968	14901.598176239137	32.66832779595905	14966.934831831055	14836.261520647218	2344.93
450	14741.626237619646	14870.682645229841	79.13904081804515	15028.960726865931	14712.404563593751	2328.95
451	14920.612682500403	14879.6168446142	82.33802683095077	15044.292898276102	14714.940790952298	2349.01
452	14923.104018126338	14874.73849775366	77.9146960514135	15030.567889856487	14718.909105650833	2342.19
453	14845.903823147019	14859.859896376705	74.04696544788945	15007.953827272484	14711.765965480927	2338.17
454	14935.050646366391	14873.25948155199	81.57909424430156	15036.417670040593	14710.101293063386	2355.84
455	14892.650371719668	14903.464308371995	35.733850786431674	14974.932009944858	14831.996606799132	2348.69
456	15022.29004666087	14923.799781204089	64.93355148966195	15053.666884183413	14793.932678224764	2374.15
457	14998.605611558623	14938.900099890545	73.00820926933197	15084.916518429209	14792.883681351881	2388.61
458	14919.088078515013	14953.536950964142	54.75814126442298	15063.053233492989	14844.020668435296	2387.45
459	14903.719074968169	14947.270636684498	59.02872177327776	15065.328080231053	14829.213193137943	2388.77
460	14963.502907369262	14961.441143814416	50.53131920382309	15062.503782222062	14860.37850540677	2384.2
461	15093.725048488044	14975.728144179851	75.81145599907025	15127.351056177991	14824.105232181711	2388.33
462	15109.722166895095	14997.951455247146	97.40527357205151	15192.76200239125	14803.140908103043	2391.17
463	15004.590053777563	15015.051850299657	87.05410749167237	15189.160065283002	14840.943635316311	2388.13
464	14968.959039486008	15028.099843203225	69.26756144893186	15166.634966101088	14889.564720305361	2389.52
465	15040.660754300105	15043.531412589393	59.1318991242875	15161.795210837969	14925.267614340817	2399.29
466	15153.618542342532	15055.51011136029	75.61192846952788	15206.733968299346	14904.286254421235	2399.38
467	15157.826231722473	15065.130924325766	86.50938708834586	15238.149698502457	14892.112150149074	2396.92
468	15129.651560592498	15090.143225688753	82.62132838707981	15255.385882462913	14924.900568914592	2399.63
469	15260.818635998567	15148.515144991263	78.6021938328007	15305.719532656864	14991.310757325662	2394.44
470	15456.992138028701	15231.781421736983	135.62110909436447	15503.023639925712	14960.539203548255	2390.9
471	15471.45638143271	15295.34898955502	161.78907034035493	15618.927130235728	14971.77084887431	2402.32
472	15497.641103316966	15363.311963873919	160.94841883618156	15685.208801546281	15041.415126201557	2400.67
473	15261.746864474931	15389.731024650406	118.15881854120377	15626.048661732813	15153.413387567998	2357.03
474	15365.576955963856	15410.682688643463	96.97445483479738	15604.631598313057	15216.733778973869	2365.72
475	15437.882587054024	15406.860778448527	95.05053122617575	15596.961840900878	15216.759715996175	2381.73
476	15584.191935141147	15429.407889190214	123.35953564741816	15676.12696048505	15182.688817895378	2394.02
477	15569.958673705192	15443.871403267858	136.8604083189613	15717.59221990578	15170.150586629936	2398.42
478	15618.253225459875	15515.172675464846	108.10111083713969	15731.374897139125	15298.970453790567	2404.39
479	15748.721877650649	15591.801659802204	111.29886006004601	15814.399379922295	15369.203939682113	2415.07
480	15724.305782584019	15649.086298908205	82.17109773771844	15813.428494383643	15484.744103432768	2415.82
481	15721.212538882412	15676.490419656457	77.85297696276933	15832.196373581995	15520.784465730918	2412.91
482	15715.161908326592	15705.53106658074	50.43317201880136	15806.397410618341	15604.664722543137	2411.8
483	15750.88069957407	15732.056561403579	16.54673414494952	15765.150029693477	15698.96309311368	2430.06
484	15830.147914468398	15748.341768767128	47.73185134049941	15843.805471448128	15652.878066086128	2439.07
485	15839.718689670428	15771.424350184408	59.62655395694969	15890.677458098307	15652.17124227051	2436.1
486	15849.286657256931	15797.039173859313	60.17063373457846	15917.38044132847	15676.697906390156	2429.33
487	15969.839064153188	15847.974605024632	78.5268192889922	16005.028243602617	15690.920966446647	2433.14
488	16001.69159336714	15898.136783783246	81.06526773378532	16060.267319250817	15736.006248315674	2433.79
489	15694.102589849861	15870.927718859539	122.05747662905522	16115.04267211765	15626.812765601428	2431.77
490	15515.91785364493	15806.16755165444	202.28736676988885	16210.742285194217	15401.592818114663	2429.39
491	15724.465839871576	15781.203388177368	203.33505610722332	16187.873500391814	15374.533275962922	2440.35
492	15636.641362487724	15714.563847844276	179.22834563071126	16073.020539105699	15356.107156582853	2437.92
493	15535.38285656394	15621.302100483637	93.0939274246705	15807.489955332978	15435.114245634297	2432.46
494	15643.648796269936	15611.21134176765	85.66834858434666	15782.548038936344	15439.874644598956	2433.15
495	15765.643259692957	15661.156422977254	88.95515233395079	15839.066727645155	15483.246118309353	2453.46
496	15664.27677715686	15649.11861043431	82.05057311748585	15813.219756669283	15485.017464199338	2437.03
497	15718.683292024274	15665.526996341621	86.9864555025902	15839.499907346803	15491.55408533644	2435.61
498	15707.552260468336	15699.9608771225	47.87154358781736	15795.703964298134	15604.217789946864	2434.5
499	15763.223200419165	15723.875757952346	42.243941031084184	15808.363640014515	15639.387875890177	2438.3
500	15749.874190787868	15720.72194417133	38.79389068131025	15798.30972553395	15643.134162808708	2439.07
501	15618.487866947657	15711.564162129489	56.71483188643054	15824.99382590235	15598.134498356629	2419.38
502	15799.218514762004	15727.671206677036	69.28511335113038	15866.241433379297	15589.100979974775	2440.69
503	15618.006799199893	15709.762114423347	85.46862007824129	15880.69935457983	15538.824874266864	2419.7
504	15606.547507204512	15678.426975780418	89.58969378634724	15857.606363353112	15499.247588207723	2423.41
505	15498.434989336749	15628.139135490192	108.11259082230143	15844.364317134794	15411.91395384559	2429.01
506	15615.944687864569	15627.630499673574	108.17531279557902	15843.981125264732	15411.279874082416	2432.54
507	15525.594141985766	15572.905625118326	56.57407773535704	15686.05378058904	15459.757469647613	2409.75
508	15648.902541605219	15579.084773599392	63.93944619453007	15706.963665988453	15451.205881210331	2425.18
509	15775.909707220859	15612.95721360266	110.22947985659835	15833.416173315856	15392.498253889464	2427.43
510	15779.456912064628	15669.161598148237	108.8741227797435	15886.909843707725	15451.41335258875	2425.53
511	15872.732577524128	15720.51917608015	134.94017053218272	15990.399517144515	15450.638835015785	2443.25
512	15864.700900891256	15788.340527861248	90.31793919092831	15968.976406243104	15607.704649479392	2447.83
513	15925.115915074091	15843.583202555023	64.48858340491238	15972.560369364848	15714.606035745197	2459.27
514	16055.194819127324	15899.440224936316	101.53182888803579	16102.503882712388	15696.376567160243	2459.14
515	16183.947688391667	15980.338380201723	136.986124184935	16254.310628571593	15706.366131831854	2460.61
516	16233.532934683408	16052.498451633577	159.3376030484609	16371.173657730498	15733.823245536656	2473.83
517	16262.777054622116	16132.113682379748	140.3657124773721	16412.84510733449	15851.382257425004	2473.45
518	16294.58299376681	16206.007098118294	93.6177733962284	16393.24264491075	16018.771551325837	2472.54
519	16400.387792180638	16275.045692728958	81.03243638095977	16437.11056549088	16112.980819967039	2469.91
520	16415.8758614802	16321.431327346665	82.22100936681515	16485.873346080294	16156.989308613034	2477.13
521	16668.31178273	16408.387096955987	159.5576471668305	16727.502391289647	16089.271802622327	2477.83
522	16563.647196684116	16468.561125368386	147.16777563373662	16762.896676635857	16174.225574100912	2475.42
523	16426.756313043992	16494.995789223824	116.85323223182002	16728.702253687465	16261.289324760184	2472.1
524	16227.820187298408	16460.482268247375	166.65452667179736	16793.79132159097	16127.17321490378	2470.3
525	16343.700757506536	16446.047247452643	174.42854241802542	16794.904332288694	16097.190162616593	2476.35
526	16467.000496372882	16405.784990181222	127.11563026983482	16660.01625072089	16151.553729641553	2477.57
527	16411.18776368579	16375.293103581556	93.66625834994996	16562.625620281455	16187.960586881656	2472.16
528	16399.53837272456	16369.84951551767	90.67066739816016	16551.19085031399	16188.50818072135	2476.83
529	16486.037101045924	16421.492898267174	56.737795500777025	16534.96848926873	16308.01730726562	2480.91
530	16514.896776555946	16455.732102077054	49.21321387787925	16554.158529832814	16357.305674321296	2474.92
531	16276.218292622141	16417.575661326908	92.87952263840192	16603.334706603713	16231.816616050104	2474.02
532	16369.458662729116	16409.22984113557	95.43662772568113	16600.103096586932	16218.356585684207	2438.21
533	16578.005608305648	16444.92328825179	120.88612806616298	16686.695544384114	16203.151032119464	2441.32
534	16621.776632487596	16472.071194540124	145.22012560337998	16762.511445746884	16181.630943333363	2465.84
535	16626.317470518366	16494.355333332605	161.11370867387961	16816.582750680365	16172.127915984845	2464.61
536	16384.668869663677	16516.04544874091	128.3798609019014	16772.805170544714	16259.285726937109	2468.11
537	16278.00730963218	16497.755178121526	157.66051707798064	16813.076212277487	16182.434143965565	2430.01
538	16278.19188417407	16437.792433295213	175.5118295514182	16788.81609239805	16086.768774192376	2425.55
539	16488.048146331705	16411.046736064036	148.59037551971818	16708.22748710347	16113.8659850246	2428.37
540	16407.437864839678	16367.270814928299	90.0087180096075	16547.288250947513	16187.253378909083	2452.51
541	16323.622986517783	16355.06163829912	91.19127962350781	16537.444197546134	16172.679079052104	2444.04
542	16357.609265872417	16370.982029547169	80.72364038803218	16532.429310323234	16209.534748771104	2438.97
543	16443.421482821766	16404.027949276708	65.65539530097892	16535.338739878665	16272.71715867475	2443.05
544	16496.756419430658	16405.7696038965	68.49549727604469	16542.76059844859	16268.778609344412	2444.24
545	16535.424180591956	16431.366867046956	89.8581651102458	16611.083197267446	16251.650536826464	2446.3
546	16683.294828072845	16503.30123535797	120.71054881577385	16744.722332989517	16261.88013772642	2457.59
547	16651.816767963614	16562.142735776208	102.22921424043805	16766.601164257085	16357.684307295332	2471.65
548	16499.109616637215	16573.280362539295	88.12129925935187	16749.522961058	16397.03776402059	2476.55
549	16462.55872741339	16566.44082413584	96.47658228920045	16759.39398871424	16373.487659557439	2457.85
550	16514.644800630125	16562.284948143475	98.57150078594452	16759.427949715366	16365.141946571586	2465.54
551	16425.738449582514	16510.773672445408	86.02305022096182	16682.81977288733	16338.727572003485	2465.1
552	16532.19267907044	16486.848854666772	42.7302445581593	16572.30934378309	16401.388365550454	2461.43
553	16596.190719282353	16506.265075195803	65.61986013275158	16637.504795461307	16375.0253549303	2488.11
554	16611.712649850753	16536.095859683275	74.13405395604123	16684.363967595356	16387.827751771194	2496.48
555	16568.194529308985	16546.805805419048	74.12842537238639	16695.06265616382	16398.548954674276	2498.37
556	16548.30132305413	16571.31838011337	32.8659935411803	16637.05036719573	16505.58639303101	2495.62
557	16478.981702152443	16560.67618472977	51.84026940428465	16664.35672353834	16456.9956459212	2500.23
558	16547.451799293118	16550.928400731926	47.92744482281738	16646.78329037756	16455.07351108629	2503.87
559	16506.245412264787	16529.834953214733	36.2813200751319	16602.397593364996	16457.27231306447	2506.65
560	16354.305027916653	16487.057052936267	79.77294431917316	16646.602941574612	16327.511164297921	2508.24
561	16292.20853980672	16435.838496286782	107.88103436379937	16651.60056501438	16220.076427559183	2500.6
562	16234.311083249875	16386.90437250627	135.39986146940342	16657.704095445075	16116.104649567462	2502.22
563	16192.932029362351	16316.000418520114	122.52084531438673	16561.042109148886	16070.95872789134	2496.66
564	16309.001421320547	16276.551620331264	63.48271432121138	16403.517048973685	16149.58619168884	2496.84
565	16361.566482147151	16278.003911177366	65.74878072116881	16409.501472619704	16146.506349735027	2507.04
566	16405.50042447357	16300.662288110738	87.71856683053295	16476.099421771803	16125.225154449672	2510.06
567	16419.073690114168	16337.614809483595	91.60993590504	16520.834681293676	16154.394937673515	2519.36
568	16407.728117959166	16380.57402720296	45.62022208572838	16471.814471374415	16289.333583031503	2529.12
569	16442.29934246454	16407.23361143176	29.404626029333816	16466.042863490427	16348.424359373092	2534.58
570	16581.789636305755	16451.278242263477	74.40295646835152	16600.08415520018	16302.472329326774	2537.74
571	16406.597625496866	16451.49768246814	74.2356179134169	16599.968918294973	16303.026446641306	2552.07
572	16480.56767321188	16463.796479087683	72.59675433202979	16608.989987751742	16318.602970423624	2549.33
573	16470.217460068998	16476.294347509647	65.5700756058888	16607.434498721424	16345.15419629787	2544.73
574	16593.634018235876	16506.561282663915	79.42014920633038	16665.401581076578	16347.720984251255	2550.64
575	16594.21503899186	16509.046363201134	82.49733038132065	16674.041023963775	16344.051702438494	2555.24
576	16589.798218884862	16545.686481878736	64.29592704017428	16674.278335959083	16417.09462779839	2550.93
577	16658.307083023923	16581.234363841144	68.30180439762628	16717.837972636396	16444.63075504589	2553.17
578	16722.396322214252	16631.670136270193	58.18860670679833	16748.04734968379	16515.292922856595	2557.64
579	16630.68777855277	16639.080888333574	54.36744964304845	16747.81578761967	16530.345989047477	2559.36
580	16395.244515983024	16599.286783731804	123.84330478610525	16846.973393304015	16351.600174159594	2561.26
581	16353.551123288791	16552.037364612588	166.1942391272524	16884.425842867095	16219.648886358083	2562.1
582	16294.158613699889	16479.207670747786	186.52712675049023	16852.261924248767	16106.153417246805	2575.21
583	16374.04174209953	16409.536754724842	129.24632074466368	16668.02939621417	16151.044113235515	2564.98
584	16283.031441059708	16340.00548722623	49.348958828048985	16438.703404882326	16241.307569570132	2569.13
585	16244.158830396083	16309.788350108842	53.17690617011698	16416.142162449076	16203.434537768608	2557.15
586	17122.66044948059	16463.610215347202	371.4334300695673	17206.477075486335	15720.743355208067	2560.4
587	17261.82263490113	16657.14301958745	493.2052467626705	17643.55351311279	15670.732526062107	2581.07
588	17278.276824638342	16837.99003609521	528.0005481294303	17893.99113235407	15781.988939836348	2572.83
589	17194.433363846183	17020.2704206525	438.200988709131	17896.672398070765	16143.86844323424	2575.26
590	17289.537874028953	17229.346229379073	70.1297332927836	17369.60569596464	17089.086762793504	2579.36
591	17426.80185408839	17290.174510300632	84.82214814588592	17459.818806592404	17120.53021400886	2579.85
592	17525.92114386755	17342.99421209392	131.91117198342073	17606.81655606076	17079.17186812708	2587.84
593	17579.191801919547	17403.17720755016	160.5406690422358	17724.25854563463	17082.09586946569	2591.13
594	17715.974227362814	17507.485380253485	160.4370862067054	17828.359552666898	17186.611207840073	2590.64
595	17631.069168210513	17575.7916390898	108.86154821293266	17793.514735515666	17358.068542663932	2594.38
596	17797.05717895417	17649.842704062954	108.10414966099671	17866.051003384946	17433.634404740962	2584.62
597	17825.665029556825	17709.79148120081	105.27783047123587	17920.34714214328	17499.23582025834	2582.3
598	17683.108414083068	17730.574803633514	80.35804835338945	17891.290900340293	17569.858706926734	2584.84
599	17778.69337826571	17743.11863381409	82.37891987618796	17907.876473566466	17578.360794061715	2578.87
600	17711.40644203511	17759.186088579012	59.80156898472927	17878.78922654847	17639.582950609554	2564.62
601	17750.47621844164	17749.869896476503	55.92985738246278	17861.72961124143	17638.010181711576	2585.64
602	17941.445974386847	17773.026085442507	100.98024779504978	17974.98658103261	17571.065589852406	2578.85
603	18078.96136263839	17852.196675153573	154.07736418213642	18160.351403517845	17544.0419467893	2582.14
604	18252.0414730474	17946.86629410991	226.17514264169924	18399.21657939331	17494.51600882651	2599.03
605	18282.19407303867	18061.023820310624	221.6215547035597	18504.26692971774	17617.780710903506	2597.08
606	18309.025415977943	18172.733659817884	157.42775426382192	18487.589168345527	17857.878151290242	2602.42
607	18002.178149877167	18184.88009491595	136.00689353975724	18456.893881995464	17912.866307836433	2601.42
608	18190.970541712562	18207.281930730784	122.78090732771749	18452.843745386217	17961.72011607535	2627.04
609	18105.0896146422	18177.89155904974	126.9069422039897	18431.705443457722	17924.07767464176	2626.07
610	17873.28609672309	18096.10996378663	167.99242137233256	18432.094806531295	17760.12512104196	2647.58
611	17868.954022347338	18008.095685060507	141.79217203804214	18291.68002913659	17724.511340984423	2642.22
612	17896.8363076363	17987.02731661233	150.4529256128733	18287.933167838077	17686.121465386583	2639.44
613	17909.874357675595	17930.808079804938	98.86993776453419	18128.547955334005	17733.06820427587	2629.57
614	18015.72578345181	17912.935313566857	59.87662840513618	18032.68857037713	17793.182056756585	2629.27
615	18189.28236273014	17976.13456676827	131.4969064992961	18239.128379766862	17713.140753769676	2636.98
616	18116.23016915411	18025.58979612962	127.54975090638177	18280.689297942386	17770.490294316856	2651.5
617	18079.42095884048	18062.106726370454	105.74575420987806	18273.59823479021	17850.615217950697	2659.99
618	18077.41089871624	18095.614034578586	63.58947088481418	18222.792976348213	17968.43509280896	2664.11
619	18129.828315958825	18118.43454107999	45.714029649053906	18209.8626003781	18027.006481781882	2662.85
620	18211.796674600348	18122.93740345403	54.66897045427933	18232.275344362588	18013.599462545473	2652.01
621	18069.09096436894	18113.509562496998	59.926656019577344	18233.362874536153	17993.656250457843	2675.81
622	17944.749079344423	18086.575186597787	97.53919873054302	18281.653584058873	17891.4967891367	2690.16
623	17966.03857094482	18064.3007210435	111.8256607604314	18287.95204256436	17840.649399522637	2681.47
624	17983.25827588899	18034.98671302953	109.54151097876033	18254.069734987053	17815.90369107201	2679.25
625	17953.896091972954	17983.406596504054	50.02188200873258	18083.450360521518	17883.36283248659	2684.57
626	17990.03161803347	17967.59472723696	19.10993644703532	18005.81460013103	17929.37485434289	2683.34
627	17974.392222444676	17973.52335585701	14.224080031213719	18001.97151591944	17945.075195794583	2680.5
628	17856.439379634256	17951.603517594896	54.907961050046346	18061.41943969499	17841.787595494803	2682.62
